Job Title,Job Description,Job Sector,Salary Range,Date published,Contact,Company_name
Япон эсвэл англи хэлний мэдлэгтэй жолооч,"Гадны мэргэжилтэн, зочид төлөөлөгчид, захирлын жолооч","Тээвэр, гааль, агуулах",1650000.0,2022-12-05,85803190,Номун Би Ди Интернэшнл 
Үйлдвэрийн тоног төхөөрөмжийн Оператор,"- Үйлдвэрийн тоног төхөөрөмжийн хэвийн, найдвартай ажиллагааг хангаж ажиллах - Стандартын дагуу бүтээгдэхүүний гарцанд хяналт тавих  - Хувийн зохион байгуулалт, техник сэтгэлгээ сайтай - Удирдлагаас өгсөн бусад үүрэг даалгаварыг хугацаанд нь чанартай гүйцэтгэх чадвартай","Үйлдвэрлэл, Дэд бүтэц",1650000.0,2022-12-16,88044327,Тнгри инвест 
Борлуулагч," Захиалгат бүтээгдэхүүнийг тогтоосон маршрутын дагуу харилцагчдад хүргэж өгөх Бараа бүтээгдэхүүний нэр төрөл, тоо ширхэгийн дагуу тооцоо хийх, орлого тушаах Орлогын тайлан мэдээг цаг тухай бүр хийж танилцуулах ХАБЭА-н дүрэм журмыг мөрдөж ажиллах","Маркетинг, PR, Менежмент",1650000.0,2022-12-15,88044327,Тнгри инвест 
SAP ERP Manager,"    ""ITWIZARD"" ХХК нь 2016 оноос эхлэн Солонгос улсын Мэдээлэл технологийн компаниудтай хамтран ажиллаж байгаа ба дотоодын зах зээлээс хараат бус ажиллаж байгаа болно. Мэдээлэл, технологийн чиглэлээр олон жил ажилласан туршлагатай хамт олон бүрдүүлэн үйл ажиллагаагаа явуулж байгаа бөгөөд 2022 онд 150 хөгжүүлэгчтэй болох зорилго тавин ажиллаж байна. Та ч бас манай гэр бүлийн гишүүн болсоноор ирээдүйн Ай Ти Визард компанийг хамтдаа бүтээлцэн, илүү өргөжин тэлэхэд бидэнтэй хамтран ажиллахыг уриалж байна.   - Компанийн төсөл, захиалгат ажилд өөрийн үүргийн дагуу оролцох - Ажлын байрны тодорхойлолтын дагуу бусад ажил үүргийг гүйцэтгэнэ.","Мэдээлэл технологи, Харилцаа холбоо",2300000.0,2022-12-16,"75110023, 88023574",Ай Ти Визарт 
Механикч,Лифт угсралттай холбоотой механик болон өргөж  буулгах ажлыг хийж гүйцэтгэнэ.,"Үйлдвэрлэл, Дэд бүтэц",1100000.0,2022-11-22,"89088650, 89067224",Эй Би Өү интернэшнл 
ХИВЭГ САВЛАГЧ  ,-Үйлдвэрээс үйлдвэрлэгдэн гарч байгаа бүтээгдэхүүнийг технологийн дагуу савлах -Үйлдвэрийг борлуулалтанд гаргах болон нөөц савлагдсан бүтээгдэхүүнээр хангах,"Үйлдвэрлэл, Дэд бүтэц",1100000.0,2022-12-16,"99015672, 75758811-105",Глобал Бридж ГруппДэлхийг таны гарт атгуулна.
ХАБЭА-н ажилтан ажилд авна," Барилга угсралтын ажилд ХАБЭА-н дүрэм, журмыг мөрдүүлж ажиллах; ХАБЭА-н холбогдох дүрэм, журам, стандартыг боловсруулах; Ажлын байрны тодорхойлолтод заасан бусад чиг үүрэг","Барилга, Үл хөдлөх хөрөнгө",1650000.0,2022-12-16,"77002929, 96880623",Дэлгэрэх таван чандмань 
Маркетингийн мэргэжилтэн ажилд авна.,"- Компанийн үйлдвэрлэн гаргаж буй бүтээгдэхүүнийг олон нийтэд таниулах,  - Хэрэглэгчдэд сэтгэл татам имидж бүрдүүлж зах зээлд эзлэх хувь хэмжээг нэмэгдүүлж,   тогтвортой хөгжүүлэх - Брэнд хариуцан маркетингтийн мэргэжилтнээр ажиллах  - Үйл ажиллагааны төсөв, стратеги төлөвлөгөө боловсруулах, гүйцэтгэлийг гаргах, тайлагнах - Идвэхижүүлэлттэй холбоотой судалгаа, шинжилгээний алжыг төлөвлөгөөний дагуу гүйцэтгэх - Эвэнт арга хэмжээ зохион байгуулах, оролцох - АБТ-д заасан чиг үүргийг хэрэгжүүлэх","Маркетинг, PR, Менежмент",1650000.0,2022-12-06,"99020615, 77997799",Жем Интернэшнл 
Үйлдвэрт дамжлагын ажилтан ажилд авна, Үйлвэрийн үндсэн үйл ажиллагаанд туслах үүрэг гүйцэтгэх Удирдлагаас өгсөн чиг үүргийг гүйцэтгэх Холбогдох бичиг баримт бичиг бүртгэх  АБТ-д заасан чиг үүрэг,"Үйлдвэрлэл, Дэд бүтэц",1350000.0,2022-12-12,"99020615, 77997799",Жем Интернэшнл 
Цахилгаанчин ажилд авна.,- Обьектын цахилгааны хэвийн үйл ажиллагааг хангах - Цахилгааны урьдчилан сэргийлэх үзлэг оношлогоог тогтмол хийх - Техник ашиглалтын зааварчилгааг тогтмол өгөх - Аюулгүй ажиллагааг баримтлан ажиллах - АБТ-д заасан бусад чиг үүргүүд,"Барилга, Үл хөдлөх хөрөнгө",900000.0,2022-12-16,"99020615, 77997799",Жем Интернэшнл 
Борлуулалтын мэргэжилтэн,"Компанийн стратегийн зорилго болон хэрэглэгчийн хэрэгцээ шаардлагад нийцсэн бүтээгдэхүүнийг зах зээлд нэвтрүүлэх, гадаад нийлүүлэгчдийн харилцааг хадгалах, хөгжүүлэх, борлуулалтын гэрээ байгуулах, борлуулалтын төлөвлөгөөг биелүүлж ажиллах, бүтээгдэхүүний сургалт зохион байгуулах;","Эмнэлэг, Эм хангамж",1650000.0,2022-12-12,70154448,Мед Монгол 
ГУРИЛ САВЛАГЧ ,"-Үйлдвэрээс үйлдвэрлэгдэн гарч байгаа бүтээгдэхүүнийг технологийн дагуу савлах, үйлдвэрийг борлуулалтанд гаргах болон нөөц савлагдсан бүтээгдэхүүнээр хангах.","Үйлдвэрлэл, Дэд бүтэц",1100000.0,2022-12-16,"99015672, 75758811-105",Глобал Бридж ГруппДэлхийг таны гарт атгуулна.
Программ хөгжүүлэгч," Програм хангамжийн хөгжүүлэлтийг чанарын өндөр түвшинд гүйцэтгэх Технологийн судалгаа, шинжилгээ гүйцэтгэж, ашиглах","Мэдээлэл технологи, Харилцаа холбоо",2300000.0,2022-12-13,99709709,БОСА Холдинг 
Аппликейшн хөгжүүлэгч, React native дээр хөгжүүлсэн апп дээр засвар өөрчлөлт нэмэлт хөгжүүлэлт гүйцэтгэх API хөгжүүлэлтэнд туслалцаа үзүүлэх,"Мэдээлэл технологи, Харилцаа холбоо",2300000.0,2022-12-13,99709709,БОСА Холдинг 
Үйлчлэгч ажилд авна. ,"- Оффисын өөрт ногдох хувиарлагдсан талбайн цэвэрлэгээ, үйлчилгээг хариуцан ажиллана.  - АБТ-д заасан бусад чиг үүргүүд",Үйлчилгээ,900000.0,2022-12-16,"99020615, 77997799",Жем Интернэшнл 
БАРИСТА ,"Бариста хийж байсан туршлагагүй байж болно. Бид таныг сургана.    /Туршлагатай бол Ээлжийн ахлахаар ажилд авна/   АЖЛЫН ЦАГ 07:00-21:00. 1 гараад 1 амарна, 1 удаа хагас цагаар ажиллана.   Карьер хөгжил = Бариста - Ээлжийн ахлах - Салбарын менежер","Ресторан, Хоол үйлдвэрлэл",1100000.0,2022-12-16,75057555 /2/,Наран Трейд 
ТООЦООНЫ НЯГТЛАН,"АЖЛЫН БАЙРНЫ ТОДОРХОЙЛОЛТЫН ДАГУУ ЧИГ ҮҮРЭГ ХЭРЭГЖҮҮЛНЭ.   ТАНЫГ БАЙГАЛИЙН САЙХАН БҮРДСЭН ЭКО ОРЧИН, АЯ ТУХТАЙ ТОХИЛОГ АЖЛЫН БАЙР, НАЙРСАГ МЭРГЭЖЛИЙН ЗАЛУУ ХАМТ ОЛОН, ЗАХ ЗЭЭЛД ӨРСӨЛДӨХҮЙЦ ӨНДӨР ЦАЛИН, УРАМШУУЛАЛ, ТУСГАЙ ХАНГАМЖ, ӨСӨН ДЭВШИХ БҮХИЙ Л БОЛОМЖУУД ХҮЛЭЭЖ БАЙНА.","Аялал жуулчлал, зочид буудал",1350000.0,2022-12-16,99057450,Грандмед эмнэлэг Эрүүл монгол хүний төлөө
Байгууллагын борлуулалтын мэргэжилтэн," Байгууллагын борлуулалттай холбоотой бүхий л идэвхтэй үйл ажиллагаа явуулж ажиллана: утсаар холбогдох, уулзалт хийх, байгууллагын худалдан авалтын процесс, шийдвэр гаргалтын бүтцийн талаар судалгаа хийх, харилцааны менежмент.  Харилцагч байгууллагатай гэрээ хэлэлцээр хийх.  Борлуулалтын төлөвлөгөө боловсруулах, үр дүнд хүрэх арга замыг тодорхойлох Маркетингийн үйл ажиллагааг дэмжиж ажиллах Зах зээлийн судалгаа, өрсөлдөгчийн судалгаа хийх","Худалдаа, Борлуулалт",1650000.0,2022-12-16,"7711 3080, 8810 8887, 88108786",ПРОГРИД СИСТЕМС 
Сантехникийн засварчин,- Цэвэр бохир ус дулааны шугамд гарсан гэмтэл ослын үед шуурхай арга хэмжээ авч ажиллах - Хариуцсан байрны узель цэвэр цэмцгэр байдалд анхаарах - Оршин суугчдаас ирсэн дуудлагын дагуу засвар үйлчилгээ хийн төлбөрийг барагдуулах - Инженерүүдээс өгсөн үүрэг даалгаврыг цаг хугацаанд нь чанартай биелүүлэх,"Барилга, Үл хөдлөх хөрөнгө",1100000.0,2022-12-16,"99082691, 96208082",Баатардулаан хан
Бүртгэлийн ажилтан,"-- Компанийн харилцагч нарыг хүлээн авах, өдөр тутмын үйл ажиллагаа зохион байгуулах --Үйлчлүүлэгч нарыг холбогдох мэдээллээр хангаж, бүртгэл хийх - Хүний нөөцийн хэсгийн үйл ажиллагаанд туслах, дэмжлэг үзүүлэх",Уул уурхай,1100000.0,2022-12-16,"94118033, 75779993   / 1 /",ХОС ХАС 
ЕРӨНХИЙ НЯГТЛАН БОДОГЧ," Тооцооны нягтлангуудын ажилд хяналт тавих, мэргэжил аргазүйгээр хангах Санхүүгийн үйл ажиллагааг зөв зохистой удирдан зохион байгуулах Хяналтыг оновчтой хэрэгжүүлэх Санхүүгийн тайлан балансыг цаг хугацаанд нь үнэн зөв гаргах, танилцуулах, тайлагнах Байгууллагын мөнгөн урсгалыг зөв зохион байгуулж удирдах","Банк, санхүү, нягтлан бодох бүртгэл",2300000.0,2022-11-16,"99016676, 77228811-205",Глобал Бридж ГруппДэлхийг таны гарт атгуулна.
ДОТООД ХЯНАЛТЫН АУДИТОР,"- Үйл ажиллагаа болон санхүүгийн дотоод аудитын эрсдэлд суурилсан хөтөлбөр боловсруулах, дотоод аудитыг гүйцэтгэх, тайлан дүгнэлт гаргах, зөвлөмж шийдэл өгөх, зөвлөмжийг эргэн хянах - Аудитын шалгалт ба дүгнэлтийг баримтжуулж, аудитын ажлын тайлан хянаж баталгаажуулах - Нэмэлтээр хийх бусад төлөвлөгөөт бус ажлууд болон хугацаатай үүрэг даалгаврууд - Ажлын чиг үүргийн хүрээнд салбар компаниудын үйл ажиллагаанд  уялдаа холбоотой, хамтарч ажиллана - Байгууллагын соёлыг бүрдүүлж, оффисын стандартыг дагаж мөрдөх - Байгууллагын батлагдсан дүрэм, журмын биелэлтийг хангуулах - Ажлын байрны тодорхойлолтод заагдсан бусад ажил үүргийг гүйцэтгэнэ.","Банк, санхүү, нягтлан бодох бүртгэл",2300000.0,2022-12-12,"88071731, 88071731",Орчлон Ко 
Далд уурхайн Засварын хэлтсийн ахлах,"- Засвар үйлчилгээний хэлтсийн ахлагчийн хувьд та өндөр гүйцэтгэлтэй багийг бүрдүүлэх, хадгалахад чухал үүрэг гүйцэтгэнэв - Компанийн төлөвлөгөөг биелүүлэхийн төлөө уурхайн алба, хэлтсүүдийн техник хэрэгсэл, машин механизм, тоног төхөөрөмжүүдийн өдөр тутмын тасралтгүй үйл ажиллагааг хангах, засвар үйлчилгээний төлөвлөгөөг үндэслэн засварын хэлтсийн ажилтнуудыг зохион байгуулах, удирдан хамтран гүйцэтгэх - Техник бүрээр бүтээмж, элэгдэл, засвар үйлчилгээний тухай бүртгэл хөтлүүлж, мэдээллийн бааз бүрдүүлүүлэх - Ажлын байрны тодорхойлолтын дагуу бусад ажил үүргүүд",Уул уурхай,3500000.0,2022-12-16,"89773232, 77773232","Naran Mandal Enterprises LLCАмжилтыг хурдан авах бол та ганцаараа алхаарай, Амжилттай удаан байхын тулд бид олуулаа алхдаг юм."
Үйл ажиллагаа хариуцсан менежер,- S пабын үйл ажиллагааг шууд удирдлагаар хангаж ажиллах - S пабын өдөр тутмын үйл ажиллагаа болон зохион байгуулагдаж буй арга хэмжээний үйл ажиллагаанд хяналт тавих -  Пабын ашиг орлогыг нэмэгдүүлэх төлөвлөгөө гарган ажиллах - Ажлын байрны тодорхойлолтод заасан чиг үүргүүдийн дагуу,"Маркетинг, PR, Менежмент",1350000.0,2022-12-16,"86863140, 91007751, 99109241",Сод Монгол ГруппИлүү сайхан ирээдүйн төлөө хамтдаа зүтгэе
График дизайнер," Компанийн болон брэнд бүтээгдэхүүн үйлчилгээ, идэвхижүүлэлтийн үйл ажиллагаатай холбоотой хэвлэлийн эх сошиал медиа сурталчилгааны дизайн бэлтгэх Байгууллагын дотоод дизайны ажлыг хийж гүйцэтгэх Бүтээгдэхүүний шошго, сав, баглаа боодлын загвар бэлтгэх","Дизайн, Энтертайнмент, Соёл урлаг",1650000.0,2022-12-16,"77045555, 80001721",Ти Эм Эл 
ХАНГАМЖИЙН НЯРАВ  ,"- Бараа материалыг норм стандартын дагуу  олгож анхан шатны баримтыг оновчтой үнэн зөв хөтлөх - Хариуцаж буй бараа материалын хадгалалт, хугацаанд анхаарал тавьж ажиллах - Ажлын байрны тодорхойлолтын чиг үүргийн дагуу ажиллах","Үйлдвэрлэл, Дэд бүтэц",1350000.0,2022-12-16,"99015672, 75758811-105",Глобал Бридж ГруппДэлхийг таны гарт атгуулна.
Ерөнхий нягтлан бодогч ,"    Байгууллагын санхүү, нягтлан бодох бүртгэлийг Санхүү болон нягтлан бодох бүртгэлийн олон улсын стандарт, Монгол улсын НББ-ийн тухай хууль, бусад эрхийн актуудын хүрээнд бэлтгэх, тайлагнах, бүртгэл хөтлөлтийг явуулах, НББ-ийн өдөр тутмын үйл ажиллагааг удирдлага, зохион байгуулалтаар хангах, удирдлагыг санхүүгийн мэдээллээр хангах","Банк, санхүү, нягтлан бодох бүртгэл",3500000.0,2022-12-16,99901939,"
Байгууллагын санхүү, нягтлан бодох бүртгэлийг Санхүү болон нягтлан бодох бүртгэлийн олон улсын стандарт, Монгол улсын НББ-ийн тухай хууль, бусад эрхийн актуудын хүрээнд бэлтгэх, тайлагнах, бүртгэл хөтлөлтийг явуулах, НББ-ийн өдөр тутмын үйл ажиллагааг удирдлага, зохион байгуулалтаар хангах, удирдлагыг санхүүгийн мэдээллээр хангах
"
Худалдааны төлөөлөгч ," Борлуулалтын төлөвлөгөөний дагуу идэвхижүүлэлт хийх Бараа бүтээгдэхүүн /Брэнд/-ийг харилцагчдад сурталчлан таниулах, Харилцагчаас бараа бүтээгдэхүүний захиалга авах /хариуцсан бүс сувггийн/ Харилцагчтай тооцоо нийлэх Шинээр харилцагч нээх Ажлын байрны тодорхойлолтод заасан чиг үүргийг гүйцэтгэнэ","Худалдаа, Борлуулалт",1650000.0,2022-11-29,80108400,Баясах хульж 
Нягтлан бодогч," Харилцагч байгууллагуудын төлбөр тооцоо хийнэ.  Кассын орлого зарлага гүйцэтгэнэ.  Салбар дэлгүүрүүдийн борлуулалтын тооцоог гаргах, тооцоо нийлүүлэх  Мөнгөн хөрөнгийн тайлан гаргах.  Авлага өглөгийн тооцоо нийлэх . Тооллого хийж , тооллого зохион байгуулах чадвартай. Бараа материалын тайлан гаргах.","Банк, санхүү, нягтлан бодох бүртгэл",1100000.0,2022-12-16,77773310,Ойм ногоон урлан
Худалдааны төлөөлөгч ажилд авна.,- Тогтоосон маршрутын дагуу харилцагчдаар биечлэн очих - Бүтгээгдэхүүнийг танилцуулж харилцагчдаас захиалга авах - Шинэ харилцагч нээх - Ажлын байрны тодорхойлолтод заасан бусад чиг үүргүүд,"Худалдаа, Борлуулалт",1650000.0,2022-12-13,"99020615, 77997799",Жем Интернэшнл 
Гүйцэтгэлийн ажилтан ажилд авна,Гүйцэтгэлийн цехийн ажилтны ажлын байрны тодорхойлолтод заагдсан ажил үүргийг гүйцэтгэх,"Үйлдвэрлэл, Дэд бүтэц",1650000.0,2022-12-16,70700000,Урбан Бизнес Групп 
САНХҮҮГИЙН ШИНЖЭЭЧ," Бизнесийн үр ашгийг тооцоолох, төлөвлөгөө гарган батлуулах, санхүүгийн дүн шинжилгээ хийх, тайлагнах Санхүү, хөрөнгө орлуулалтын богино болон урт хугацааны төлөвлөлтүүдийг боловсруулах, сайжруулах, хянах, дүн шинжилгээ хийх, тайлагнах Эдийн засгийн одоо, өнгөрсөн мөн үеийн мэдээллийг цуглуулан шинжилгээ хийн дүгнэж, санхүүгийн үйл ажиллагааг чиглэл бүрээр төлөвлөх Мэдээллийн баазыг үүсгэх, дүн шинжилгээ хийх, шаардлагатай зөвлөгөө мэдээллийг боловсруулах, багийн гишүүдэд танилцуулах АБТ-д заагдсан чиг үүргүүд","Банк, санхүү, нягтлан бодох бүртгэл",1950000.0,2022-12-16,"99017492, 70115054, 95037492",Брикланд 
Олон улсын боловсролын зөвлөх,"- Гадаадын сургуулиудтай харилцаж хамтран ажиллах  - Үйлчлүүлэгчидэд сургуулийн мэдээлэл болон виз мэдүүлгийн зөвлөгөө өгөх, танилцуулах - Гэрээт үйлчлүүлэгчийн виз мэдүүлэх процессийг удирдах, хяналт тавих","Боловсрол, Шинжлэх ухаан",5000000.0,2022-12-16,99026190,Европын Боловсролын Төв
Агент - Үл хөдлөх хөрөнгө зуучлагч сургаж авна," - Үл хөдлөх хөрөнгө борлуулах, хөрөнгө оруулалтын гэрээ хэлцэл хийх - Харилцагчдад үл хөдлөх хөрөнгийг танилцуулах, зөвлөгөө өгөх  - Зуучлалын түрээсийн, худалдах  гэрээ байгуулах","Барилга, Үл хөдлөх хөрөнгө",3500000.0,2022-12-16,"80100206, 80100858, 77171199",Ремакс грандҮүлнээс дээгүүр амжилтын төлөө хамтдаа
Захиалгын ажилтан," Захиалагчийн захиалгыг утсаар болон биечлэн авч захиалгын хуудас бичиж холбогдох ажилтанд захиалгыг хүлээлгэн өгөх Бүтээгдэхүүний үнийн санал, тоо ширхэг, хэмжээ, болон бусад сонирхсон мэдээллийн талаар харилцагчид мэдээлэл хүргэх Харилцагчийн захиалгыг үйлдвэрлэлийн дамжилгаар хийгдэх-д EXCEL FILE дээр бичин үйлдвэрийн мастерт хүлээлгэн өгөх Захиалсан барааг хугацаандаа үйлдвэрээс гархад хяналт тавих   Санхүү, Эдийн засагч, Математик болон Нягтлан бодох чиглэлээр их дээд сургууль төгссөн /шинэ төгсөгч/","Банк, санхүү, нягтлан бодох бүртгэл",1100000.0,2022-12-13,"9505-4018, 9405-4018, 9595-3019, 7577-0999",“Финпак” 
"Эх бэлтгэгч, Дизайнер",Ажлын байрны тодорхойлолтонд заасан ажил үүрэг гүйцэтгэнэ.,"Дизайн, Энтертайнмент, Соёл урлаг",1100000.0,2022-12-14,"9505-4018, 9405-4018, 9595-3019, 7577-0999",“Финпак” 
ХҮНИЙ НӨӨЦИЙН МЕНЕЖЕР," Бүрдүүлэлтийн олон талт сувгийг ашиглан гадаад, дотоод эх үүсвэрээс бүрдүүлэлт хийх,  Байгууллагын хүний нөөцийн бодлогыг хэрэгжүүлэхэд дэмжлэг үзүүлэх, Удирлагаас өгсөн үүрэг даалгаварыг биелүүлэх Сонгон шалгаруулалтад тэнцсэн ажил горилогчийг чиглүүлэх, компаний ажилтнуудад танилцуулах ажлыг гүйцэтгэх Сонгон шалгаруулалт бүрдүүлэлттэй холбоотой тайлан мэдээллийг цаг тухай бүр гаргаж тайлагнах","Үйлдвэрлэл, Дэд бүтэц",1350000.0,2022-12-16,88036035,Милко 
БОРЛУУЛАЛТЫН МЕНЕЖЕР," Борлуулалтын албаны үйл ажиллагааны төлөвлөгөөг боловсруулах, батлуулах Борлуулалтыг дэмжих урамшуулал,  идэвхжүүлэлтийн хөтөлбөр боловсруулж, хэрэгжүүлэн үр дүнг үнэлж, хаах Орчин үеийн зах зээлийн шинэ хандлага, шинэ аргачлал, шинэ технологийг байгууллага, албандаа нэвтрүүлэх Ажлын үр дүн, тухайн өдрийн ажлын гүйцэтгэлийг программд оруулсан эсэхэд хяналт тавьж, үр дүнг харуулах Худалдааны төлөөлөгч нарыг чиглүүлэх, ажлын гүйцэтгэлд хяналт тавих Худалдааны цэг хамралт, маршрут мөрдөлтөнд хяналт тавьж, мөрдүүлж ажиллах Зах зээлийн суурь судалгаа, үнийн судалгаа, өрсөлдөгчийн судалгаа хийх, тайлагнах","Худалдаа, Борлуулалт",1650000.0,2022-12-16,88036035,Милко 
ҮХХ Борлуулалт хариуцсан захирал, Өөрийн багийг бүрдүүлэх Менежментийн түвшинд ажиллах Удирдах арга барилд суралцах Үндсэн цалин: 80% нь гүйцэтгэлээс хамаарна Үндсэн хөрөнгөгүйгээр бие даасан оффисын түвшинд ажиллах зэрэг давуу талтай,"Маркетинг, PR, Менежмент",3500000.0,2022-12-16,77772077,РЕМАКС ПлатинМонголын №1 Брокер оффис
Түгээлтийн жолооч,"-Тогтоосон маршрутын дагуу ""Өд"" ариун цэврийн цаас, ""Тоди"" хүүхдийн живх зэрэг бүтээгдэхүүнийг харилцагч дэлгүүрүүдэд түгээх -Бүтээгдэхүүнийг стандартын дагуу өрж хураах, ачиж буулгах -Харилцагч байгууллагатай зөв боловсон харилцах, бүтээгдэхүүнийг тоо ёсоор хүлээлгэн өгөх  -Өөрийн хариуцсан автомашины ариун цэвэр, техникийн бүрэн бүтэн байдлыг хариуцан ажиллах  -Хөдөлмөрийн аюулгүй байдал эрүүл ахуйн шаардлагыг биелүүлж ажиллах","Тээвэр, гааль, агуулах",1350000.0,2022-12-09,88044327,Тнгри инвест 
ҮЙЛЧЛЭГЧ,- Барилгын талбайн орон сууцны нийтийн хэсгийг цэвэрлэх - Мөн ажлын байрны тодорхойлолтод заагдсан ажил үүрэг гүйцэтгэнэ,"Барилга, Үл хөдлөх хөрөнгө",1350000.0,2022-12-16,94052003,Таван Богд Проперти 
ХҮНИЙ НӨӨЦИЙН МЕНЕЖЕР ," Хүний нөөцийн бодлогын баримт бичиг шинэчлэл, сайжруулалт; Хүний нөөцийн бүрдүүлэлт ба сонгон шалгаруулалт; Хөдөлмөрийн харилцаа; Ажилтнуудын идэвхжүүлэлт; Ажлын байрны тодорхойлолтод заасан бусад чиг үүрэг;","Захиргаа, Хүний нөөц",1350000.0,2022-12-16,"75553000, 94102363, hr@caffebene.mn",Каппэ Бэнэ Монголиа 
Үйл ажиллагааны менежер ,"- Орон сууц хүлээлгэн өгөхтэй холбоотой ажлуудыг хийж гүйцэтгэх - Цэвэрлэгээ, үйлчилгээ, харуул хамгаалалтын ажилтнуудыг удирдлага, зохион байгуулалтаар хангах, ажил үүргийг чиглүүлэх, хяналт тавих - Бусад","Барилга, Үл хөдлөх хөрөнгө",1650000.0,2022-12-16,94052003,Таван Богд Проперти 
Авто засварчин,"Техник тоног төхөөрөмжийн засвар үйлчилгээ, үзлэг оношилгоо хийх Ажлын байрны тодорхойлолтын дагуу үндсэн үүрэг гүйцэтгэнэ.",Автомашины засвар үйлчилгээ,1350000.0,2022-12-16,"70116000, 94006698, 94008716","Дрийм интерпрайзАмжилтын оргил дээр тугаа мандуулна, хамт олноороо"
Худалдааны төлөөлөгч,"Бараа бүтээгдэхүүнийг борлуулж худалдах, шинээр харилцагч нээх, барааг харилцагчид суртчилан таниулах, өрөлт хураалт хийх, борлуулалтын сар бүрийн идэвхжүүлэлтийг хийх, борлуулалтын тайлан тооцоог цаг тухайд нь хийх, борлуулалтын төлөвлөгөөг ханган ажиллах","Худалдаа, Борлуулалт",1350000.0,2022-12-16,"70116000, 94006698, 94008716","Дрийм интерпрайзАмжилтын оргил дээр тугаа мандуулна, хамт олноороо"
Тийз захиалгын ажилтан,"- Олон улсын онгоцны тийз борлуулах - Системд суралцах, хэрэглэгчдэд хүссэн чиглэлд хамгийн хямд тийзийг санал болгох - Утасны дуудлагад хариулах","Аялал жуулчлал, зочид буудал",1100000.0,2022-12-16,"70116000, 94006698, 94008716","Дрийм интерпрайзАмжилтын оргил дээр тугаа мандуулна, хамт олноороо"
Гадаад харилцааны ажилтан Хятад хэлтэй,"- Бараа бүтээгдэхүүний захиалга хийх, гадаад түншүүдтэй тогтмол харилцаатай ажиллах, бараа бүтээгдэхүүн судлах -Тоног төхөөрөмж, бараа бүтээгдэхүүний захиалга хийж гадаад түншүүдтэй тогтмол харилцаа холбоотой ажиллах, шинэ технологи судлах, худалдааны гэрээ байгуулах -Албан тушаалын тодорхойлолтын дагуу бусад ажил үүргүүдийг хийж гүйцэтгэх","Худалдаа, Борлуулалт",1350000.0,2022-12-16,"70116000, 94006698, 94008716","Дрийм интерпрайзАмжилтын оргил дээр тугаа мандуулна, хамт олноороо"
Оффисын харуул ,"Байгууллагын имиж бүрдэлтийг хангаж, зочин нэвтрэх хэсгийн хэвийн аюулгүй байдлыг хангах Бүртгэл хийх, утсаар мэдээллэх Зочин нэвтрэх хэсэгт хяналт тавих Аж ахуйн ажилд туслах",Үйлчилгээ,1100000.0,2022-12-16,"88066716, 86767672, 70114544",Мөнхийн Үсэг 
Маркетингийн ахлах менежер,"-Компанийн маркетингийн бодлогод тулгуурлан маркетингийн стратеги төлөвлөгөө гаргах, төлөвлөгөөний хэрэгжилтийг хангах  -Дижитал болон уламжлалт сувгуудад холбогдох сигмэнтүүдийг тодорхойлж, оновчтой идвэхжүүлэлт болон маркетингийн ажлуудыг хэрэгжүүлэх -Маркетингийн багийг үйл ажиллагааны хүрээнд чиг үүргийн удирдлагаар хангаж, манлайлан ажиллах  -Байгууллагын зах зээлд эзлэх байр суурийг нэмэгдүүлэх","Маркетинг, PR, Менежмент",2300000.0,2022-12-16,"70116000, 94006698, 94008716","Дрийм интерпрайзАмжилтын оргил дээр тугаа мандуулна, хамт олноороо"
Тээврийн мэргэжилтэн,- Олон улсын тээвэр зуучийн компанид улс хоорондын тээвэр зохион байгуулах - Албан тушаалын тодорхойлолтын дагуу ажил үүргүүд гүйцэтгэнэ,"Тээвэр, гааль, агуулах",1100000.0,2022-12-16,"70116000, 94006698, 94008716","Дрийм интерпрайзАмжилтын оргил дээр тугаа мандуулна, хамт олноороо"
"Гадаад харилцааны ажилтан Орос, Турк хэлтэй","- Бараа бүтээгдэхүүний захиалга хийх, гадаад түншүүдтэй тогтмол харилцаатай ажиллах, бараа бүтээгдэхүүн судлах -Тоног төхөөрөмж, бараа бүтээгдэхүүний захиалга хийж гадаад түншүүдтэй тогтмол харилцаа холбоотой ажиллах, шинэ технологи судлах, худалдааны гэрээ байгуулах -Албан тушаалын тодорхойлолтын дагуу бусад ажил үүргүүдийг хийж гүйцэтгэх","Тээвэр, гааль, агуулах",1350000.0,2022-12-16,"70116000, 94006698, 94008716","Дрийм интерпрайзАмжилтын оргил дээр тугаа мандуулна, хамт олноороо"
Гадаад харилцааны ажилтан (Солонгос хэлтэй),"- Бараа бүтээгдэхүүний захиалга хийх, гадаад түншүүдтэй тогтмол харилцаатай ажиллах, бараа бүтээгдэхүүн судлах -Тоног төхөөрөмж, бараа бүтээгдэхүүний захиалга хийж гадаад түншүүдтэй тогтмол харилцаа холбоотой ажиллах, шинэ технологи судлах, худалдааны гэрээ байгуулах -Албан тушаалын тодорхойлолтын дагуу бусад ажил үүргүүдийг хийж гүйцэтгэх","Худалдаа, Борлуулалт",1350000.0,2022-12-16,"70116000, 94006698, 94008716","Дрийм интерпрайзАмжилтын оргил дээр тугаа мандуулна, хамт олноороо"
Тээвэр зохицуулагч,"Байгууллагын тээврийн хэрэгслийн ашиглалт болон хөдөлгөөнийг шуурхай мэдээллээр хангах, засварын болон шугамын үйлчилгээний уялдаа холбоог зохицуулах","Тээвэр, гааль, агуулах",1350000.0,2022-12-16,"70116000, 94006698, 94008716","Дрийм интерпрайзАмжилтын оргил дээр тугаа мандуулна, хамт олноороо"
Электроникийн инженер,"Бид технологийн шинэ, шилдэг шийдлийг гэр болон байгууллагын өдөр тутмын үйл ажиллагаанд ашигтай байдлаар IoT технологийн шийдлийг санал болгон ажилладаг. Оффисын болон гэр ахуйн ухаалаг тоног төхөөрөмж суурилуулалт, засвар үйлчилгээ үзүүлэх,  хэвийн үйл ажиллагааг ханган ажиллах,","Мэдээлэл технологи, Харилцаа холбоо",1650000.0,2022-11-29,"77107070, 88048590",Монос ГруппМОНГОЛ ОЮУН СЭТГЭЛГЭЭГ ДЭЛХИЙД ТАНИУЛНА
"Натура Фарм эмийн санд Эм зүйч, Жор баригч авна",- Иргэдэд эм борлуулах - Эмийн мэдээлэ үнэн зөв өгөх - бусад ажлын байрны тодорхойлолтонд заасан үүрэг,"Эмнэлэг, Эм хангамж",1350000.0,2022-12-16,"80118252, 86047676",Кэй Ай Ди Эс Мед 
БАРАА МАТЕРИАЛЫН НЯРАВ-СҮЛЖЭЭ," Агуулахад барааг хадгалахдаа агуулахын барааны зохистой тоо үлдэгдлийн тоо хэмжээг баримтлан, барааны чанар , сав баглаа боодлыг гэмтээхгүй анхны шинж чанарыг алдагдуулахгүй хадгалах Барааны буцаалтын журамд заасны дагуу хугацаанд нь ч буцаах ажлыг хийх гүйцэтгэх Ажлын байрны тодорхойлолтод заасан бусад чиг үүрэг","Банк, санхүү, нягтлан бодох бүртгэл",1650000.0,2022-12-16,89101504,Хурд ГруппХурдтай хөгжилийг хамтдаа
Ерөнхий нягтлан бодогч ,"    Байгууллагын санхүү, нягтлан бодох бүртгэлийг Санхүү болон нягтлан бодох бүртгэлийн олон улсын стандарт, Монгол улсын НББ-ийн тухай хууль, бусад эрхийн актуудын хүрээнд бэлтгэх, тайлагнах, бүртгэл хөтлөлтийг явуулах, НББ-ийн өдөр тутмын үйл ажиллагааг удирдлага, зохион байгуулалтаар хангах, удирдлагыг санхүүгийн мэдээллээр хангах","Банк, санхүү, нягтлан бодох бүртгэл",3500000.0,2022-12-16,"94750750, 99901939","
Байгууллагын санхүү, нягтлан бодох бүртгэлийг Санхүү болон нягтлан бодох бүртгэлийн олон улсын стандарт, Монгол улсын НББ-ийн тухай хууль, бусад эрхийн актуудын хүрээнд бэлтгэх, тайлагнах, бүртгэл хөтлөлтийг явуулах, НББ-ийн өдөр тутмын үйл ажиллагааг удирдлага, зохион байгуулалтаар хангах, удирдлагыг санхүүгийн мэдээллээр хангах
"
НЯГТЛАН БОДОГЧ," Бизнес төлөвлөгөөнд тусгагдсан зорилтод зардалд хяналт тавьж ажиллах Санхүүгийн бүртгэлийг ЭМШГТ-ны дагуу баримт бичгийн бүрдлийг хангаж  ажиллах Салбар хоорондын тооцоог тухай бүр салбар хариуцсан нягтлан бодогчид мэдээллэж, тулгалт хийж баримтын бүрдүүлэлтийг хангах Хариуцсан няравын үйл ажиллагааг удирдан чиглүүлж, мэргэжлийн удирдлагаар хангах, заавар зөвлөгөө өгч ажиллана. Ажлын чиг үүргийн хүрээнд салбар компаниудын үйл ажиллагаанд уялдаа холбоотой, хамтарч ажиллах","Банк, санхүү, нягтлан бодох бүртгэл",1650000.0,2022-12-16,88036035,Милко 
БИЗНЕС ХӨГЖЛИЙН АЛБАНЫ ДАРГА," Гадаад, дотоодын зах зээл бизнесийн чиг хандлагыг судалж компанийн ашиг орлогын нэмэгдүүлэх боломжийг эрэлхийлж байх Компанийн үйлдвэрлэж буй бараа бүтээгдэхүүний зах зээлийн судалгаа, өртөг ашгийн тооцоо, тухайн бүтээгдэхүүний зарагдах үнэ, экспортлох боломжтой эсэх судалгааг цаг алдалгүй хийх Дунд болон урт хугацаанд бизнесээ сайжруулах, шинэ бизнесийн санал санаачлага гаргаж удирдлагад санал тавих дэмжигдсэн саналыг ажил хэрэг болгох Бүтээгдэхүүнийг зах зээлд турших, нэвтрүүлэх, нэвтрүүлсэний дараах хяналт мониторинг үйл явцыг голлон хариуцаж ажиллах","Худалдаа, Борлуулалт",2300000.0,2022-12-16,88036035,Милко 
ХУДАЛДААНЫ ТӨЛӨӨЛӨГЧ," Хяналт, нэгдсэн, нэрлэсэн босгыг хангаж ажиллах Тогтоосон маршрутын дагуу худалдааны цэгээ бүрэн хамарч ажиллах Өөрийн чиглэлийн харилцагч нарт компанийн тухай үнэн зөв мэдээллийг өгч, бүтээгдэхүүний үнийг борлуулалтын албанаас гаргаснаар баримтлан ажиллах Орчин үеийн зах зээлийн шинэ хандлага, шинэ аргачлал, шинэ технологийг байгууллага, албандаа нэвтрүүлэх Үйл ажиллагаатай холбоотой үйлдэгдэж байгаа баримтуудын бүрэн бүтэн байдлыг хангаж хадгалалт хамгаалалтыг хариуцах Шинээр харилцагч нэмэх, хуучин харилцагчыг халамжлах Зах зээлийн суурь судалгаа, үнийн судалгаа, өрсөлдөгчийн судалгаа хийх, тайлагнах","Худалдаа, Борлуулалт",1650000.0,2022-12-16,88036035,Милко 
Европ Монгол Хятад хоолны ахлах тогооч ажилд авна.,"1. Хоолыг технологи карт, цэсний дагуу амт чанартай хийх 2. Компанийн эрүүл ахуй, хүнсний аюулгүй байдал, аюулгүй ажиллагааны дүрмийг мөрдөх 3. Албан тушаалын тодорхойлолтын дагуу ажиллах","Ресторан, Хоол үйлдвэрлэл",2300000.0,2022-12-16,"99724477, 70562778","""Хааны Алтан Ураг"" "
ЗАХИРЛЫН ЖОЛООЧ,"Захирлын өдөр тутмын үйл ажиллагаанд тээврийн хэрэгслээр замын хөдөлгөөний аюулгүй байдлын тухай хууль тогтоомжийг мөрдлөг болгон тээвэрлэх, туслах болон ажлын байрны тодорхойлолтод заагдсан ажил үүргүүдийг гүйцэтгэнэ.",Үйлчилгээ,1650000.0,2022-12-16,"99016676, 77228811-205",Глобал Бридж ГруппДэлхийг таны гарт атгуулна.
МАРКЕТИНГИЙН МЕНЕЖЕР ,"Малайз улсад төвтэй гадаадын хөрөнгө оруулалттай компанид туршлагатай МАРКЕТИНГИЙН МЕНЕЖЕР таныг ажилд урьж байна. ГҮЙЦЭТГЭХ ҮНДСЭН ҮҮРЭГ: 1. Сургалт болон маркетингийн ажлыг хариуцан хийх, төлөвлөгөө болон зардал төсөв гаргах, 2. Малайз дахь Удирдлагатай өдөр тутам мэйлээр харилцах, мэдээлэл өгөх, хүлээн авах 3. Брошюр, танилцуулга, зурагт хуудас хэвлүүлэх, 4. Компаний гишүүдтэй ойр дотно хамтран ажиллах,  5. Жил бүр зохиогддог дотоод, гадаад аялалыг зохион байгуулах, 6. Холбогдох бусад ажлууд","Маркетинг, PR, Менежмент",1950000.0,2022-11-30,"88104206, 9990-7517",Ди Эй Экс И Эн 
Борлуулалтын оператор,"-Өдөр тутам хэрэглэгчийн захиалгыг хүлээн авч, бараа бүтээгдэхүүнийг алдаагүй өгөх -Бусад ажил үүргийн хуваарийн дагуу ажлуудыг хийж гүйцэтгэх","Худалдаа, Борлуулалт",1350000.0,2022-12-07,"88104206, 9990-7517",Ди Эй Экс И Эн 
ЗАСВАРЫН АХЛАХ МАСТЕР ," Техник тоног төхөөрөмжийн засвар үйлчилгээний ажлыг чанартай түргэн шуурхай хийж гүйцэтгэх ажлыг зохион байгуулах Ур чадвар шаардсан хүнд засвар үйлчигээг гардан гүйцэтгэх Ажилчдыг сургах, чиглүүлэх Ажлын байрны тодорхойлолтонд заасан бусад чиг үүргүүд",Уул уурхай,2300000.0,2022-12-06,89111134,Вертекс майнинг партнерОргил өөд хамтдаа
Борлуулалтын менежер,"Германы хөрөнгө оруулалттай “Еврохан” ХХК нь 2011 онд байгуулагдсан. Бид Монголын уул уурхай, барилга байгууламж, сэргээгдэх эрчим хүч, ус цэвэршүүлэх үйлдвэрлэлд Европ чанар мөн ноү хауг авчран хөгжүүлэх зорилготой. Борлуулалтын менежер нь тоног төхөөрөмжийн борлуулалт хариуцна. Гол үндсэн үүрэг болон хариуцлага Генератор, компрессор, бутлагч, зэрэг бусад тоног төхөөрөмж, бараа материалын борлуулалт хариуцана  Бараа бүтээгдэхүүн, үйлчилгээний чанар, үнэ, хүргэлтээс хамааран үйлчлүүлэгчийн хэрэгцээг хангаж ажиллах Техникийн мэдлэгээ ашиглан, хэрэглэгчдэд хамгийн сайн шийдлийг зөвлөх Үйлчлүүлэгчид үнийн санал бэлдэх, тооцоолол гаргах, борлуулалтын өмнөх техникийн туслалцаа үзүүлэх, бүтээгдэхүүний тухай боловсрол олгох Борлуулалтын дараах дэмжих үйлчилгээ үзүүлэх, Борлуулах үнэ, борлуулалтын дүн шинжилгээ хийх Үйлчлүүлэгч байгууллагуудтай уулзалт хийх, тендерт оролцох, Үйлчлүүлэгчдийн хэрэгцээ шаардлагыг ойлгон, найдвартай урт хугацааны харилцааг бий болгох Удирдлагад борлуулалт, орлого, зарлагын тайлан танилцуулах, мөн шинэ бүтээгдэхүүн, өрсөлдөөний байдлын талаар үүсч буй зах зээл, зах зээлийн солилцоог бүрэн ухамсарлан бодит төсөөлөл гаргах","Худалдаа, Борлуулалт",2300000.0,2022-12-16,99109864,Евро Хан 
Мэдээллийн аюулгүй байдлын мэргэжилтэн,"Мэдээллийн системийн хэрэглэгчийн бүртгэлийг нягтлах, хэрэглэгчийн нэвтрэх эрхийн зөвшөөрөл, өөрчлөлт шинэчлэлтийг баталгаажуулах, Мэдээллийн систем, мэдээллийн аюулгүй байдал, бүрэн бүтэн байдлыг хангах, МАБ-ын сургалт зааварчилгаа өгөх, ажилтнуудын өдөр тутмын үйл ажиллагаанд МАБ-ыг хэвшүүлэх, хэрэгжүүлж ажиллах","Мэдээлэл технологи, Харилцаа холбоо",1950000.0,2022-12-16,88059772,Дата Бэйнк 
Ковшийн оператор,"Уурхайн карьерийн зам талбай засах,ачилт хийх",Уул уурхай,1950000.0,2022-12-16,"94002668, 95951886, 99065769, 75779777",Мост Майнинг
Програм хөгжүүлэгч,"Системийн шинжилгээ, зохиомж хийх Веб хөгжүүлэлт: Модуль, нэмэлт хөгжүүлэлт ERP хөгжүүлэлт: Систем нэвтрүүлэлт, тохиргоо хийх","Мэдээлэл технологи, Харилцаа холбоо",1650000.0,2022-09-18,"Улаанбаатар хот, Чингэлтэй дүүрэг",Астериск Техноложис 
хүргэлтийн жолооч ажилд авна,Ажлын байрны тодорхойлолтын дагуу ажиллана.,"Ажилчид, туслах ажилтан",1100000.0,2022-12-16,"89035051, 88035061",Хаан Сорчлох Органик ХүнсЧанартай хүнсийг таны хаалганд бид хүргэнэ.
РЕСТОРАНЫ ҮЙЛ АЖИЛЛАГАА ХАРИУЦСАН МЕНЕЖЕР," АЖЛЫН БАЙРНЫ ХУРААНГУЙ:     Компанийн эрхэм зорилго, алсын хараа, үнэт зүйлд нийцүүлэн өдөр тумын үйл ажиллагааг шууд удирдлагаар хангахад оршино.  Компанийн өдөр тутмын үйл ажиллагааг удирдан зохион байгуулж хэвийн ажиллагааг ханган ажиллах  Зочид буудал болон рестораны бүтээгдэхүүн үйлчилгээг хөгжүүлэх, үр, бүтээлтэй байдлыг нэмэгдүүлж ашигт ажиллагааг сайжруулах Байгууллагын удирдлагаас өгсөн үүрэг даалгаврыг цаг тухай бүрт нь биелүүлэх","Аялал жуулчлал, зочид буудал",1650000.0,2022-12-16,8911-1676,Милленниум плаза 
"Чанарын баталгаа, Чанарын хяналтын инженер","-Барилгын үйл ажиллагаа, ажлын явцууд чанарын баталгаажуулалтын талын төлөвлгөө, дизайн, баримт бичиг бүрдүүлэлт, удирдлага -Гүйцэтгэгчийн гүйцэтгэж буй барилгын ажлуудын хариуцан тэдгээрийн гүйцэтгэл хуваарь, зардал, чанарын шаардлагуудыг хангаж буй эсэхэд хяналт тавих -Үй ажиллагаануудыг ЭТТ болон төслийн чанар, байгаль орчин, Аюулгүй ажиллагааны менежментийн системийн шаардлагуудад нийцүүлэн явуулах -Тоног төхөөрөмж шаардлага хангахгүй тохиолдолд дуусаагүй ажлны жагсаалтыг үүсгэх -Чанарын бүх баримт бичгийг баталж, гарын үсэг зурах -Дуусаагүй ажлын жагсаалтад тодорхойлсон шаардлага хангахгүй зүйлсийг хангалттай засаж залруулах хүртэл хяналт тавих -Ажлын байрны тодорхойлолт-д заасан ажил үүрэг","Үйлдвэрлэл, Дэд бүтэц",4500000.0,2022-11-22,№№№№№№,Норинко Интернейшнл Пи И
Милленниум Плаза-д ажиллах Халуун хоолны тогооч,"  * Батлагдсан технологи картын дагуу эрүүл, чанартай хоол хүнсний материалаар салад, хүйтэн зууш үйлдвэрлэх * Үйлчлүүлэгчдийн сэтгэл ханамжинд нийцсэн амт чанартай хоол бэлтгэх","Ресторан, Хоол үйлдвэрлэл",1350000.0,2022-12-16,8911-1676,Милленниум плаза 
Мобайл хөгжүүлэгч,"- Системийн шинжилгээ, зохиомж, хөгжүүлэлт хийх - Архитектурыг тодорхойлох - Технологийн сонголт хийх - Application UI design and prototyping - iOS болон Android, React native хөгжүүлэлтүүд","Мэдээлэл технологи, Харилцаа холбоо",1650000.0,2022-09-18,"Улаанбаатар хот, Чингэлтэй дүүрэг",Астериск Техноложис 
"Борлуулалтын менежер (""Монкон Пропертис"" ХХК)"," Компанийн борлуулалт, маркетингийн төлөвлөгөөтэй уялдуулан үл хөдлөх хөрөнгийн борлуулалтыг зохион байгуулах, хэрэгжүүлэх; Судалгаа хийх; Харилцагч, үйлчлүүлэгчийг мэдээллээр хангах; Орон сууц захиалгын гэрээ байгуулах нөхцлийг бүрдүүлэх; Захиалагчийг мэдээллээр хангах; Захиалагчийн төлбөр төлөлтөнд хяналт тавих; Захиалагчид үл хөдлөх хөрөнгийг хүлээлгэн өгөх; Оршин суугчдын санал, хүсэлтийг хүлээн авч шийдвэрлүүлэх;","Барилга, Үл хөдлөх хөрөнгө",1350000.0,2022-12-16,"7711-2161;, 99161032",Монкон Групп 
Тооцооны нягтлан бодогч ," Хариуцсан байгууллагын өдөр тутмын НББ-ийг анхан шатны баримтад үндэслэн хөтлөх, Тайлан мэдээг цаг хугацаанд нь бэлтгэх, Удирдлагыг мэдээллээр хангах Санхүүгийн үйл ажиллагааны хэвийн байдлыг хангаж ажиллах.","Банк, санхүү, нягтлан бодох бүртгэл",1350000.0,2022-12-16,70004628,"Гүнд инвестмент холдинг группЭрхэм зорилго: Хэрэглэгч, ажилтан, хувьцаа эзэмшигч үнэ цэнийг хамтран бүтээж, үр шимийг хүртэнэ"
Санхүүгийн мэргэжилтэн,- Програм хангамж нэвтрүүлэх явцад захиалагч талд санхүүгийн зөвлөгөө үзүүлэх - НББ-н програм хангамж хөгжүүлэгчдэд санхүүгийн зөвлөгөө үзүүлэх - Бизнес менежментийн ERP систем нэвтрүүлэх төслүүд дээр ажиллана.,"Банк, санхүү, нягтлан бодох бүртгэл",1650000.0,2022-09-18,"Улаанбаатар хот, Чингэлтэй дүүрэг",Астериск Техноложис 
"Эмнэлгийн хэрэгсэл,аж ахуй,үйлчилгээ,ХТА-ны дарга"," Эмнэлгийн тусламж үйлчилгээнд шаардлагатай эмнэлгийн хэрэгсэл, аж ахуйн материалын хангалтад хяналт тавих, үйл ажиллагааг зохион байгуулах, удирдах үүрэг гүйцэтгэх; Эмнэлгийн хэмжээнд хэрэгжүүлж байгаа чанар сайжруулах үйл ажиллагаанд оролцдог байх;","Эмнэлэг, Эм хангамж",1650000.0,2022-12-16,"77111017, 77111017","Улсын нэгдүгээр төв эмнэлэгХҮН ЧАНАРЫГ АЖИЛД АВЧ, УР ЧАДВАРЫГ ЭЗЭМШҮҮЛНЭ."
Тоног төхөөрөмжийн инженер," Хүннү Шоппинг Моллын бүхий л тоног төхөөрөмжүүдийн хэвийн тасралтгүй ажиллагааг ханган ажиллах Тоног төхөөрөмжүүдийн төлөвлөгөөт үзлэг шалгалт хийх Тоног төхөөрөмжүүдийн эвдрэл гэмтлийг тодорхойлох, шаардлагатай эд ангиудыг захиалах","Барилга, Үл хөдлөх хөрөнгө",1650000.0,2022-12-16,99212107,Хүннү Молл
Далд уурхайд Гагнуурчин ажилд авна.,"-Хийн ба цахилгаан гагнуур, төрөл бүрийн гагнуурын багаж хэрэгсэл, тоног төхөөрөмжийг ашиглан металл хэсгүүдийг гагнах ба таслах бүх төрлийн гагнуурын ажил хийж гүйцэтгэнэ.",Уул уурхай,1650000.0,2022-12-16,98098086,Шувуун хар уул
МАРКЕТИНГИЙН МЕНЕЖЕР ," Байгууллагын бүтээгдэхүүн үйлчилгээг зах зээлд таниулах, эзлэх хувь хэмжээг нэмэгдүүлэх замаар борлуулалтыг дэмжих  Бусад ажлын байрны тодорхололтын дагуу","Худалдаа, Борлуулалт",1950000.0,2022-12-16,99142810,КАРЬЕР МАСТЕР 
МАРКЕТИНГИЙН МЕНЕЖЕР ," Байгууллагын бүтээгдэхүүн үйлчилгээг зах зээлд таниулах, эзлэх хувь хэмжээг нэмэгдүүлэх замаар борлуулалтыг дэмжих  Бусад ажлын байрны тодорхололтын дагуу","Худалдаа, Борлуулалт",1650000.0,2022-12-16,95500546,КАРЬЕР МАСТЕР 
ҮЙЛДВЭРИЙН МЕНЕЖЕР ," Үйлдвэрийн үйл ажиллагааг өдөр тутмын хэвийн үйл ажиллагааг удирдан зохион байгуулах Ажилчдыг чиглуулэх, сургах, удирдлагаар хангах Удирдлагаас өгсөн үүрэг даалгаврыг хариуцан гүйцэтгэх Ажлын байрны тодорхойлолтод заагдсан бусад чиг үүргүүд",Үйлчилгээ,2300000.0,2022-12-14,95500546,КАРЬЕР МАСТЕР 
ТООЦООНЫ НЯГТЛАН БОДОГЧ," Бэлэн бус орлого, зарлага гүйлгээний анхан шатны баримт бүрдүүлэлт хийх Харилцахын тайланг бэлдэж, долоо хоног бүр тайлагнах Үндсэн хөрөнгийн бүртгэл хөтлөлт хийх Үндсэн хөрөнгийн тооллого болон тайлан гаргах Няравын өдөр тутмын орлого, зарлага гүйлгээнд хяналт тавьж ажиллах, няравын тооцоо харилцахын бараа материалын худалдан авалтын жагсаалттай тулган шалгах, тайлагнах Няравын ажилд өдөр тутмын зааварчилгаа өгөх Төсөл хөтөлбөр дуусахад бараа материалын тооллого хийж, тайлан гаргах Тайлантай холбогдох анхан шатны баримтыг архивлах Бараа материалын тайлан мэдээ гаргаж өгөх Харилцагч татвар, нийгмийн даатгалын байгууллага, бэлтгэн нийлүүлэгч, худалдан авагч байгууллагууд болон бусад холбогдох байгууллага, хувь хүмүүстэй тооцоо нийлэх, үүссэн өр, авлагыг барагдуулах талаар анхны арга хэмжээг авах Өглөг, авлагын тайлан мэдээ бэлтгэх","Банк, санхүү, нягтлан бодох бүртгэл",1650000.0,2022-12-16,"80085207, 70007251",Саади констракшн
ДЭЛГҮҮР ХАРИУЦСАН АХЛАХ МЕНЕЖЕР," Салбар дэлгүүрүүдийн өдөр тутмын болон борлуулалтын үйл ажиллагааг удирдан зохион байгуулах, бүтээгдэхүүн болон үйлчилгээний өрсөлдөх чадварыг тасралтгүй сайжруулах Дэлгүүрийн борлуулалтыг нэмэгдүүлэх, шинэ салбар дэлгүүр нээх үйл ажиллагааг зохион байгуулах. Үйл ажиллагааны болон борлуулалтын тайлан мэдээ, зах зээл, өрсөлдөгчийн судалгаа мэдээлэл бэлтгэх, дүн шинжилгээ хийх, тайлагнах Хэрэглэгчийн судалгаа мэдээлэл авах боловсруулах, дүн шинжилгээ гаргах, хэрэглэгчид чиглэсэн үйл ажиллагааг сайжруулах, санаачлах, хэрэгжүүлэх","Худалдаа, Борлуулалт",1950000.0,2022-12-09,"99017492, 70115054, 95037492",Брикланд 
Маркетингийн ахлах менежер,"Маркетингийн үйл ажиллагааны төлөвлөгөө, төсөв боловсруулах, хэрэгжүүлэх, тайлагнах Брэндийн үнэ цэнийг нэмэгдүүлэх, байр сууриа бэхжүүлэхэд чиглэсэн судалгаа, дүгнэлт, төлөвлөгөөт ажлууд буюу төсөл, хөтөлбөрүүдийг зохион байгуулах Хэрэглэгчийн хэрэгцээ шаардлага, бүтээгдэхүүний онцлогт нийцэх контент, үйлчилгээний хөгжүүлэлтийн үйл ажиллгаануудыг зохион байгуулах","Худалдаа, Борлуулалт",2300000.0,2022-12-09,"99017492, 70115054, 95037492",Брикланд 
ИМПОРТЫН АЖИЛТАН," Импортын барааны гадаад болон дотоод ачаа, тээвэр зохицуулалтыг хариуцан ажиллах Импорт, Гаалийн бичиг баримт бүрдүүлэх, гаалиас ачаа бараа хүлээн авах Гадаад харилцаа гадаад түнш байгууллагуудтай тогтмол харилцаа холбоотой ажиллах Шинээр нийлүүлэгдэх бараа бүтээгдэхүүний импорт, гаалийн шаардлагатай үйл ажиллагааг хариуцан гүйцэтгэх","Тээвэр, гааль, агуулах",1350000.0,2022-12-09,"99017492, 70115054, 95037492",Брикланд 
EMART ХАН УУЛ-Д ОЙР ГЭРТЭЙ ХУДАЛДААНЫ ЗӨВЛӨХ, E Mart Хан-Уул салбарт байрлалтай Дэлхийн нэр хүндтэй брэндийн тоглоомуудыг хүүхэд багачуудад хүргэж байгаа тоглоомын дэлгүүрт Худалдааны зөвлөхөөр ажиллах. Тоглоомын талаарх мэдлэгийг эзэмшиж үйлчлүүлэгчид ЗӨВ мэдээлэл өгч борлуулалт хийх үүрэг гүйцэтгэнэ.,"Худалдаа, Борлуулалт",1100000.0,2022-12-09,"99017492, 70115054, 95037492",Брикланд 
БОРЛУУЛАЛТЫН МЕНЕЖЕР АЖИЛД АВНА," Борлуулалтын төлөвлөгөөг боловсруулах, хэрэгжүүлэх Борлуулалтын сувгийг нэмэгдүүлж шинэ харилцагч нэмэх Борлуулалтын тайлан мэдээ, зах зээл болон өрсөлдөгчийн судалгаа мэдээлэл, дүн шинжилгээг гаргах, танилцуулах Захиалагчдын хэрэгцээнд тулгуурлан өөрийн бүтээгдэхүүн үйлчилгээгээ сурталчилах","Худалдаа, Борлуулалт",1950000.0,2022-12-09,"99017492, 70115054, 95037492",Брикланд 
ХУДАЛДААНЫ ТӨЛӨӨЛӨГЧ ," Харилцагч байгууллагаар тойрон ажиллаж барааны захиалга авах Харилцагчийн барааны өрөлт хураалт хийх, хяналт тавих Шинэ харилцагч нэмэх Борлуулалт, идэвхижүүлэлтийг дэмжин ажиллах","Худалдаа, Борлуулалт",1350000.0,2022-12-02,"99017492, 70115054, 95037492",Брикланд 
Хүний нөөцийн ажилтан ,Хүний нөөцийн үндсэн функцүүдийг хариуцан ажиллах,"Захиргаа, Хүний нөөц",1650000.0,2022-12-09,"99017492, 70115054, 95037492",Брикланд 
Баяжуулах үйлдвэрийн операторч," Боловсруулах үйлдвэрт хүдэр хүлээн авах, бутлах, дамжуулах ба нөөцлөх, тээрэмдэх, зутангийн насос ажиллуулах; Циклоноор ангилах, Өтгөрүүлэгч болон уусгалтын шингээлт, хоргүйжүүлэх, десорбци, гравитацийн дамжлагуудын үйл ажиллагааг ISO стандарт журмын дагуу аюулгүй байдлаа хангаж үр бүтээлтэй ажилуулах;",Уул уурхай,1350000.0,2022-12-16,11317798 | 3400,Бороогоулд 
Баяжуулах үйлдвэрийн операторчин(Боловсруулах)," Ахлах ажилтан болон удирдах эрх бүхий албан тушаалтны шууд зааварчилгаа дор ажиллах Ээлжийн турш мэдээний хуудсанд үйлдвэрлэлийн параметрүүдийн тоон үзүүлэлтийг бичиж, тэмдэглэх Үйлдвэрийн хэсгийн бүхий л тоног төхөөрөмж болон ажлын байр, талбайд цэвэрлэгээ үйлчилгээ хийх, заагдсан засварын ажилд оролцох зэрэг бусад төрлийн туслах ажлуудыг гүйцэтгэж үйлдвэрлэлийн тасралтгүй ажиллагааг хангах. Шинэ ажилтан нь хаана ямар ажил гүйцэтгэж эхлэхээс үл хамааран заавал тухайн хэсгийн ажлын байрны анхан шатны зааварчилгааг холбогдох ахлах ажилтнаас авч, шалгалт өгөх ба ААЗ-тай танилцана Батлагдсан ААЗ-н дагуу тусгагдсан ажлын алхам, дарааллыг чанд мөрдөж ажиллах  Шинээр тоног төхөөрөмж суулгах болон техник, технологи өөрчлөгдсөн болон шинэ аюулгүй ажиллагааны зааврыг мөрдөх үед ээлжит бус зааварчилгааг ахлах ажилтнаас авч байх Адсорбци, десорбци, урвалж найруулах орчны тоног төхөөрөмжүүдийг хянан ажиллуулах ба өөрийн ур чадвар, мэдлэг боловсрол, мэргэжлийн үнэмлэх мөн зохих сургалтад хамрагдсан байдалд тохирсон ажлыг ээлжийн мастерын өгсөн нарядын дагуу байнгын хяналтын дор гүйцэтгэнэ Хөдөлмөрлөх үүргээ биелүүлэх явцад амь нас, эрүүл мэндэд сөрөг нөлөөлөх нөхцөл бий болсон тохиолдолд аюулгүй байдлын дүрэм, журамд заасны дагуу шуурхай арга хэмжээ авах",Уул уурхай,1650000.0,2022-12-16,77116100,Баян Айраг Эксплорэйшн 
СУПЕРВАЙЗОР ," Худалдааны төлөөлөгч нарын өдөр тутмын үйл ажиллагааг удирдлагаар хангах, төлөвлөгөө боловсруулах, гүйцэтгэлийг хянах Харилцагчидтай харилцах хүрээний бүхий л асуудлыг шийдвэрлэх, зохицуулалт хийх    Ажлын байрны тодорхойлолтод заагдсан бусад чиг үүргийн дагуу ажиллах","Худалдаа, Борлуулалт",1950000.0,2022-12-15,"99045852, 99905929",Нано Интернэйшнл 
АВЛАГЫН НЯГТЛАН БОДОГЧ, Ажлын байрны тодохойлолтонд заасан ажил үүргийг хийж гүйцэтгэнэ.,"Банк, санхүү, нягтлан бодох бүртгэл",1650000.0,2022-12-15,"99045852, 99905929",Нано Интернэйшнл 
БОРЛУУЛАЛТЫН НЯГТЛАН БОДОГЧ, Ажлын байрны тодохойлолтонд заасан ажил үүргийг хийж гүйцэтгэнэ.,"Банк, санхүү, нягтлан бодох бүртгэл",1650000.0,2022-12-15,"99045852, 99905929",Нано Интернэйшнл 
Нярав ," Хариуцсан байгууллагын өдөр тутмын НББ-ийг анхан шатны баримтад үндэслэн хөтлөх, Бэлэн бүтээгдэхүүнийн тооллого хийх, Харилцан хамааралтай ажилтантай тухай бүр тооцоо нийлэх, Бараа бүтээгдэхүүн хүлээлцэх, Бараа материал олгох, хадгалах, бэлтгэх, Бараа материалын хөдөлгөөн тоолох.","Банк, санхүү, нягтлан бодох бүртгэл",1100000.0,2022-12-16,70004628,"Гүнд инвестмент холдинг группЭрхэм зорилго: Хэрэглэгч, ажилтан, хувьцаа эзэмшигч үнэ цэнийг хамтран бүтээж, үр шимийг хүртэнэ"
"Эмнэлгийн хэрэгсэл,аж ахуй,үйлчилгээ,ХТА-ны дарга","ЭМНЭЛГИЙН ХЭРЭГСЭЛ, АЖ АХУЙ, ҮЙЛЧИЛГЭЭ, ХАНГАМЖ ТҮГЭЭЛТИЙН АЛБАНЫ ДАРГА  Эмнэлгийн тусламж үйлчилгээнд шаардлагатай эмнэлгийн хэрэгсэл, аж ахуйн материалын хангалтад хяналт тавих, үйл ажиллагааг зохион байгуулах, удирдах үүрэг гүйцэтгэх; Эмнэлгийн хэмжээнд хэрэгжүүлж байгаа чанар сайжруулах үйл ажиллагаанд оролцдог байх;","Эмнэлэг, Эм хангамж",1650000.0,2022-12-16,"77111017, 77111017","Улсын нэгдүгээр төв эмнэлэгХҮН ЧАНАРЫГ АЖИЛД АВЧ, УР ЧАДВАРЫГ ЭЗЭМШҮҮЛНЭ."
"Агент, Реалтор сургаж ажилд авна ","- Үл хөдлөх, эд хөрөнгө зуучлан борлуулах - Худалдан авагч нарт Үл хөдлөх, эд хөрөнгийг танилцуулах - Зуучлалын түрээсийн, худалдах гэрээ байгуулах - Үл хөдлөх хөрөнгийн төслүүд дээр ажиллах - Үл хөдлөх хөрөнгийн талаарх зах зээлийн судалгаа","Барилга, Үл хөдлөх хөрөнгө",2300000.0,2022-12-16,"70706060, 70709090",Оргил Сити Проперти 
Санхүүгийн ахлах шинжээч,"   Групп компанийн санхүүгийн үйл ажиллагааг үр ашигтай зохион байгуулах, хөрөнгийн өгөөжийг дээшлүүлэх, удирдлагыг шийдвэр гаргахад шаардлагатай санхүүгийн мэдээллээр тогтмол хангах, шаардлагатай шийдэл санал болгох. Групп компанийн санхүүгийн богино болон дунд хугацааны төлөвлөгөөг гаргах, ашиг орлогын судалгаа хийх","Банк, санхүү, нягтлан бодох бүртгэл",3500000.0,2022-12-16,77100009,БльюМон ГруппБидний сэтгэлийн чин зориг – Бидний амжилтын үндэс
CNC оператор,"CNC машины эх бэлтгэх, бүтээгдэхүүн үйлдвэрлэх","Үйлдвэрлэл, Дэд бүтэц",1350000.0,2022-12-16,95290991,"""Эко бүтээл"" "
Зүлгүүрчин,"Тавилга, бусад эдлэлийн мод болон хавтан бэлдэцийг зүлгэх.","Үйлдвэрлэл, Дэд бүтэц",1650000.0,2022-12-16,95290991,"""Эко бүтээл"" "
Үйлчилгээний менежер," Лавлах төв болон Үйлчилгээний төвийн стандартын дагуу харилцагчид мэдээлэл зөвөлгөө өгөх Даатгалын гэрээ байгуулах, цуцлах Нөхөн төлбөрийн материал хүлээн авах, мэдээлэл зөвлөгөө өгөх Харилцагчийн гомдол санал, хүсэлт хүлээн авч мэдээллэх, бүртгэх  Харилцагчийн сэтгэл ханамжийг нэмэгдүүлэх зорилгын хүрээнд тодорхой ажлуудыг хэрэгжүүлэх",Даатгал,1100000.0,2022-12-16,75773000,Мандал Даатгал ХК
CNC oператор,"AUTOcad дээр зурж, зурсан өгөгдлийг CNC машинд оруулан, модон эдлэлийг муурь машин дээр гаргаж, эсгүүр хийх/ Мужааны ажил хийх","Барилга, Үл хөдлөх хөрөнгө",1350000.0,2022-12-16,95290991,"""Эко бүтээл"" "
"Хуульч, үйл ажиллагааны менежер",":  Компанийн дотоод дүрэм, журам, гэрээ хэлцэл, мөн бусад албан бичгийг хууль эрх зүйн орчинд нийцүүлэн боловсруулах, хянах Төрийн болон холбогдох байгууллагад компанийн эрх, хууль ёсны ашиг сонирхлыг төлөөлөх Компанийн ажилтнуудад хууль, эрх зүйн зөвлөгөө, мэдээлэл өгөх Ажлын байрны тодорхойлолтод заасан бусад ажил үүргүүдийг гүйцэтгэнэ","Хууль, хуулийн үйлчилгээ",1100000.0,2022-12-16,"70108010, 75855577, 88066856",Бодь-электроникс 
Цахилгааны инженер," Цахилгаан инженерийн зургийн дагуу өөрчлөх, шийдэл, дүгнэлт гаргах Барилга, байгууламжийн гэрэлтүүлэг, цахилгаан тоног төхөөрөмж, хэрэгсэл, кабель зэргийг галын болон цахилгааны аюулгүй байдлыг хангаж ажиллах Компанийн хариуцсан объектуудын цахилгаан хангамжийн найдвартай ажиллагаа, тэдгээрийн урсгал засвар, үзлэг үйлчилгээг хариуцан ажиллах","Барилга, Үл хөдлөх хөрөнгө",1950000.0,2022-12-16,"98019797, 94057274, 94057204",НБИК 
Зургийн инженер ," Барилгын төсөл төлөвлөгөөг нарийвчлан хянаж шалган удирдлагын баг болон төслийн талбайд ажилладаг гүйцэтгэлийн багуудтай нягт хамтран ажиллаж тэдгээр багуудын үйл ажиллагаа нт зорилгод нийцсэн, төсөл төлөвлөгөөний стандартад нийцэж буй эсэхийг баталгаажуулах;  Төслийн оролцогч талуудтай зөвлөлдөн ажиллаж барилгын ажлын долоо хоног тутмын төлөвлөлтийг гаргах, түүнийг мэдээлэх; Барилгын зураг төсөл, архивын хадгалалт, тэдгээрийн бүрэн бүтэн байдал, ашиглалтыг хариуцах, хэлтсийн хэвийн үйл ажиллагааг хангахад зориулагдсан бичмэл журам, баримтжуулалт зэргийг боловсруулах;  Хуваарьт ажлыг эхлүүлэхэд шаардагдах төлөвлөлтийн болон туслах материалыг цаг хугацаанд нь боловсруулан гаргах гэх мэт ажлын байрны тодорхойлолтод дурдсан ажлыг гүйцэтгэнэ.","Барилга, Үл хөдлөх хөрөнгө",2300000.0,2022-12-16,"98019797, 94057274, 94057204",НБИК 
Худалдааны менежер ажилд авна., - Ажлын байрны тодорхойлолтонд заагдсан чиг үүргүүдийг хэрэгжүүлж ажиллана,"Худалдаа, Борлуулалт",1100000.0,2022-11-28,"9505-4018, 9405-4018, 9595-3019, 7577-0999",“Финпак” 
График дизайнер,"Бүтээгдэхүүний идэвхжүүлэлтийн постер зураг, ном, бүтээгдэхүүн зэргийн өнгө дизайны өвөрмөц сонголттой, өөрийн өвөрмөц хэв маягтайгаар хийж гүйцэтгэх","Дизайн, Энтертайнмент, Соёл урлаг",1950000.0,2022-12-16,"7000-2266, 8002-2266","Монголын Оюун Ухааны АкадемиСэтгэхүйн хурдыг танд эзэмшүүлж, Оюуны хүрдийг дэлхийд таниулна."
Төлөвлөлтийн инженер ,"Барилгын ажлын тооцоолол хийж, төлөвлөх, зураг төсөв төлөвлөлт хийх  Барилга бүтээцийн зураг уншиж тоо хэмжээ түүх ББ зургийн өөрчлөлтийг зурах чадвартай  Барилга угсралтын график боловсруулах","Барилга, Үл хөдлөх хөрөнгө",2750000.0,2022-12-16,9009-1699,Ньюпрогресс Групп 
Legal manager in EY Mongolia tax practice,"Responsibilities include but are not limited to:  Work with other EY departments to deliver comprehensive legal service to clients Manage day-to-day activities of EY Law Conduct legal research on Mongolian laws and regulations, and prepare legal advice to clients Represent clients before Mongolian authorities Prepare various legal documents, including contacts and internal corporate documents","Хууль, хуулийн үйлчилгээ",5000000.0,2022-12-16,"+ 11 314032, + 11 312005",Эрнст энд Янг Монголия Аудит 
Орон нутагт байрлалтай рестораны БАРМЕН,Ажил үүргийн хуваарьт заагдсан үндсэн үүрэг.,"Ресторан, Хоол үйлдвэрлэл",1350000.0,2022-12-16,89113843,Өнөд хөгжих говь 
Дэлгүүрийн менежер ," Харилцагчид тохирох бараа бүтээгдэхүүнийг санал болгох, түргэн шуурхай үйлчилгээ үзүүлэх Үйлчилгээний стандартыг мөрдөж ажиллах","Худалдаа, Борлуулалт",1100000.0,2022-12-16,"88085022, 88088382",Сайн Интернэшнл 
Борлуулалтын менежер,"Харилцагчид уул уурхайн тэсэлгээний өрөм, хайгуулын өрөм, худгийн өрөм, гүний өрөм, компаний бүтээгдэхүүн, үйлчилгээний талаар дэлгэрэнгүй мэдээлэл, зөвлөгөө өгөх, бүтээгдэхүүнээ борлуулах, худалдах гэрээ байгуулах, захиалга авах, борлуулалтыг идэвхжүүлэх, төлөвлөх, зардлыг тооцоолох, шинэ харилцагч татах.","Худалдаа, Борлуулалт",1650000.0,2022-12-16,"70167018, 88030211, 99077018",ЦЭЦЭН ГЛОБАЛ 
Борлуулалт зөвлөх ажилтан,"Харилцагчийн сонгосон бараа бүтээгдэхүүний талаар дэлгэрэнгүй мэдээллийг ойлгомжтой тайлбарлах, тохирох бараа бүтээгдэхүүнийг санал болгох, түргэн шуурхай үйлчилгээ үзүүлэх","Худалдаа, Борлуулалт",1100000.0,2022-12-16,"88085022, 88088382",Сайн Интернэшнл 
ХАБЭА-н ажилтан,"     Хөдөлмөрийн аюулгүй байдал, эрүүл ахуйн хууль тогтоомж, стандартын дагуу байгууллагын нийт ажилтны хөдөлмөр хамгаалал, аюулгүй байдал, эрүүл ахуйг хангах, Засварын тоног төхөөрөмж, барилга байгууламж инженерийн шугам сүлжээний ажлын бэлэн байдал, аюулгүй ажиллагааг хангах Гарч болох эрсдлийг тодорхойлох, аюулыг арилгах Хөдөлмөрийн нөхцлийн үнэлгээ хийх, нөхцлийг сайжруулах арга хэмжээ авах Сургалт, судалгаа явуулах Холбогдох мэргэжлийн байгууллагатай харилцах Байгууллагын үйл ажиллагаа доголдолгүй жигд хэвийн явагдаж,  ажлын бүтээмж нэмэгдэж үр ашиг, үр нөлөөг дээшлүүлэх","Үйлдвэрлэл, Дэд бүтэц",2300000.0,2022-12-16,"70005225, 88018883","

Хөдөлмөрийн аюулгүй байдал, эрүүл ахуйн хууль тогтоомж, стандартын дагуу байгууллагын нийт ажилтны хөдөлмөр хамгаалал, аюулгүй байдал, эрүүл ахуйг хангах,
Засварын тоног төхөөрөмж, барилга байгууламж инженерийн шугам сүлжээний ажлын бэлэн байдал, аюулгүй ажиллагааг хангах
Гарч болох эрсдлийг тодорхойлох, аюулыг арилгах
Хөдөлмөрийн нөхцлийн үнэлгээ хийх, нөхцлийг сайжруулах арга хэмжээ авах
Сургалт, судалгаа явуулах
Холбогдох мэргэжлийн байгууллагатай харилцах
Байгууллагын үйл ажиллагаа доголдолгүй жигд хэвийн явагдаж,  ажлын бүтээмж нэмэгдэж үр ашиг, үр нөлөөг дээшлүүлэх

"
БАРИЛГЫН ИНЖЕНЕР ,"Компанийн хэрэгжүүлж буй урт болон богино хугацааны төслийн хүрээнд хийгдэх ажлын стратеги төлөвлөгөө боловсруулах, барилгын явц болон гүйцэтгэлийг хянах, инженер техникийн ажилтнуудыг удирдан зохион байгуулж, төслийн ажлын хэрэгжилтэнд хяналт тавьж ажиллах ба ажлын байрны тодорхойлолтод заасан бусад ажил үүргүүдийг гүйцэтгэнэ.  Зураг төсөл боловсруулалт зураг төслийн инженерээс ирсэн зургыг шалгах, танилцуулах; Холбогдох норм стандарт судлах, ажилд тусгах; Тендерт оролцох; Бүх төрлийн зургийн шатны ажлын тоо хэмжээг гаргах; Гүйцэтгэлийн зураг гаргах, зургийн орчуулга хийх; Авторын хяналт хийх, тайланг гаргах; Зураг төсөл гүйцэтгэлийн төлөвлөгөө, тайлан гаргах, танилцуулах, дагаж мөрдөх; Эскиз зураг гаргах, барилга угсралтын төлөвлөгөө хийх; Төсөв тооцоолол хийх; Барилгын ажлын гүйцэтгэлийг хянах, зөвлөх; Багаа удирдан манлайлж, сургалт зөвлөгөөгөөр хангах;","Барилга, Үл хөдлөх хөрөнгө",1950000.0,2022-12-16,"98019797, 94057274, 94057204",НБИК 
Зээлийн эргэн төлөлт хариуцсан ажилтан," Зээлийн эргэн төлөлтийг хариуцан ажиллах Хэрэглэгчийн хугацаа хэтэрсэн зээл болон эрсдэлийн тооцоолол судалгааны дагуу ажиллах Харилцагчтай харилцах, мэдээлэл зааварчилгаа өгөх","Банк, санхүү, нягтлан бодох бүртгэл",1100000.0,2022-12-16,"88085022, 88088382",Сайн Интернэшнл 
Химич," Сорилт шинжилгээг Монгол улсын стандартын арга, аргачлалын дагуу гүйцэтгэж, сорилтын үр дүнгийн тайланг бодит гаргажажиллах Лабораторийн шинжилгээний үр дүнгээр удирдлагуудыг мэдээллээр хангана. Лабораторийн болон чанарын удирдлагын тогтолцооны баримт бичгийг боловсруулж батлуулан мөрдөж ажиллана. Лабораторид дотоод аудит, удирдлагын дүн шинжилгээ хийх ажилд оролцоно. Үр дүнд тулгуурлан залруулах арга хэмжээг авах, шаардлага тавих эрхтэй.","ХАА, Байгаль экологи",1650000.0,2022-12-16,"70005225, 88018883",Түмэн Шувуут 
Сэлбэгийн нярав,"1. Уул уурхайн Өрмийн машины сэлбэгийн дэлгүүрийн өдөр тутмын бэлэн болон бэлэн бус гүйлгээг хийж, худалдан авагч, харилцагч нарт үйлчилгээ үзүүлж ажиллана. 2. Баримтын хадгалалт, хамгаалалтыг хангах, сэлбэг, эд анги, багж, материалын тооллого болон тайлан бүртгэл гаргах, материалын захиалгыг тулгах, хүргэх. 3. Тооллого тооцоо хийж нягтлантай тулж баталгаажуулах.","Банк, санхүү, нягтлан бодох бүртгэл",1350000.0,2022-12-16,"70167018, 88030211, 99077018",ЦЭЦЭН ГЛОБАЛ 
Бүртгэлийн ажилтан," Ирсэн харилцагчийг бүртгэх,  мэдээлэл өгөх Холбогдох бичиг баримт бүрдүүлэх  Өдөр бүрийн тайлан мэдээг тайлагнах","Банк, санхүү, нягтлан бодох бүртгэл",1100000.0,2022-12-16,"88085022, 88088382",Сайн Интернэшнл 
Харилцагч хариуцсан ажилтан," Харилцагчийн сонгосон бараа бүтээгдэхүүний талаар дэлгэрэнгүй мэдээллийг ойлгомжтой тайлбарлах Харилцагчид тохирох бараа бүтээгдэхүүнийг санал болгох, түргэн шуурхай үйлчилгээ үзүүлэх","Банк, санхүү, нягтлан бодох бүртгэл",1100000.0,2022-12-16,"88085022, 88088382",Сайн Интернэшнл 
Call center operator, Харилцагчдад бараа бүтээгдэхүүний талаар шаардлагатай мэдээлэл өгөх Салбаруудын хаяг байршлын мэдээлэл өгөх   Өдөр тутмын тайлан мэдээг ахлах ажилтанд мэдээллэх,"Мэдээлэл технологи, Харилцаа холбоо",1100000.0,2022-12-16,"88085022, 88088382",Сайн Интернэшнл 
МАРКЕТИНГИЙН МЕНЕЖЕР,"-Хариуцсан сувагт тохирсон маркетингийн зөв төлөвлөгөө боловсруулж, гүйцэтгэлийг хангаж ажиллах - Зах зээлийн судалгаа хийх, Шинэ бүтээгдэхүүн судлах, гарсан үр дүнг тайлагнах, шинэ санал санаачлага дэвшүүлэх, өөрийн дүгнэлт зөвлөмжийг оруулан холбогдох удирдлагуудад тайлагнах.","Маркетинг, PR, Менежмент",1950000.0,2022-12-13,99043102,Таван Богд Интернэйшнл 
ОПЕРАТОР - ИНЖЕНЕР,"Хэрэглэгчийн хүсэлтийн дагуу алсын зайнаас анхан шатны МТ үйлчилгээ үзүүлэх, хэрэглэгчийн сэтгэл ханамжийг дээшлүүлэх   #ТаныДижиталАяллынИтгэлтТүнш #БиднийҮнэтЗүйлс #ӨөдрөгХандлага #ӨрнүүнЭрмэлзлэл  #ӨндөрЧадвар   #WeOffer #FlexibleWorkCulture #Productivity&CollaborationTools #InnovativeWorkplace #FlexibleTime #RemoteOffice #Anywhere #Anytime","Мэдээлэл технологи, Харилцаа холбоо",1100000.0,2022-12-16,77317731,Ай Ти Зон 
СУПЕРВАЙЗОР ,-Борлуулалтын багийг удирдан зохион байгуулах  -Бараа бүтээгдэхүүний борлуулалтад хяналт тавих -Барааны идэвхижүүлэлт явуулах -Борлуулалтын тайлан гаргах -Зах зээлийн судалгаа хийж борлуулалтыг нэмэгдүүлэх,"Худалдаа, Борлуулалт",1950000.0,2022-12-13,99043102,Таван Богд Интернэйшнл 
ТЕХНИКИЙН ИНЖЕНЕР,"Мэдээллийн технологийн бараа бүтээгдэхүүн, тоног төхөөрөмжтэй холбоотой шийдэл гаргаж харилцагч байгууллагын бизнесийн үйл ажиллагаанд тусламж, үйлчилгээ үзүүлэх мөн өөрийн байгууллагын бизнесийн үйл ажиллагааг өргөжүүлэх, хөгжүүлэхэд хувь нэмрээ оруулах   Бидний ""Таны Дижитал Аяллын Итгэлт Түнш"" нь байх зорилгыг хэрэгжүүлэхэд хамтран ажиллахыг урьж байна. Хэрэв Та Өөдрөг хандлага, Өрнүүн эрмэлзэл, Өндөр чадвартай бол бидэнд анкетаа ирүүлээрэй.  #WeOffer #FlexibleWorkCulture #Productivity&CollaborationTools #HybridWorkModel #HybridWorkplace","Мэдээлэл технологи, Харилцаа холбоо",1650000.0,2022-12-16,77317731,Ай Ти Зон 
МЭДЭЭЛЭЛ ТЕХНОЛОГИЙН ИНЖЕНЕР,"Хэрэглэгчийн хүсэлтийн дагуу МТ-ийн үйлчилгээг үзүүлэх, хэрэглэгчийн сэтгэл ханамжийг дээшлүүлэх #ТаныДижиталАяллынИтгэлтТүнш #БиднийҮнэтЗүйлс #ӨөдрөгХандлага #ӨрнүүнЭрмэлзлэл  #ӨндөрЧадвар   #WeOffer #FlexibleWorkCulture #Productivity&CollaborationTools #InnovativeWorkplace #FlexibleTime #RemoteOffice #Anywhere #Anytime","Мэдээлэл технологи, Харилцаа холбоо",1650000.0,2022-12-16,77317731,Ай Ти Зон 
ХУДАЛДААНЫ ТӨЛӨӨЛӨГЧ ,"- 5Р 8 алхамыг харилцагч бүр дээр байнга тасалдалгүй хэрэгжүүлэх - Барааг харилцагчдад сурталчлан таниулах, бүтээгдэхүүнийг борлуулж, худалдах,  - Харилцагчийн лангууны өрөлт хураалт хийх - Шинээр харилцагч нээх - Борлуулалтын сар бүрийн идэвхжүүлэлтийг хэрэгжүүлэх - Борлуулалтын тайлан тооцоог өдөр бүр санхүүд үнэн зөв гаргаж өгөх","Худалдаа, Борлуулалт",1650000.0,2022-12-16,99043102,Таван Богд Интернэйшнл 
Няравын туслах, Бараа бүтээгдэхүүний бүрэн бүтэн байдлыг шалгах  Харилцагчид барааг хүлээлгэн өгөх  Бараа бүтээгдэхүүний ашиглалтын талаар харицлагчид тайлбарлах Няравын өдөр тутмын ажилд туслалцаа үзүүлэн ажиллах,"Банк, санхүү, нягтлан бодох бүртгэл",1100000.0,2022-12-16,"88085022, 88088382",Сайн Интернэшнл 
Дэлгүүрийн менежер ," Харилцагчийн сонгосон бараа бүтээгдэхүүний талаар дэлгэрэнгүй мэдээллийг үнэн зөв ойлгомжтой тайлбарлах Харилцагчид тохирох бараа бүтээгдэхүүнийг санал болгох, түргэн шуурхай үйлчилгээ үзүүлэх","Худалдаа, Борлуулалт",1100000.0,2022-12-16,"88085022, 88088382",Сайн Интернэшнл 
"Агент, Реалтор сургаж ажилд авна","- Үл хөдлөх, эд хөрөнгө зуучлан борлуулах - Худалдан авагч нарт Үл хөдлөх, эд хөрөнгийг танилцуулах - Зуучлалын түрээсийн, худалдах гэрээ байгуулах - Үл хөдлөх хөрөнгийн төслүүд дээр ажиллах - Үл хөдлөх хөрөнгийн талаарх зах зээлийн судалгаа","Барилга, Үл хөдлөх хөрөнгө",2300000.0,2022-12-16,"70706060, 70709090",Оргил Сити Проперти 
Нярав,"Бараа материалыг нэр төрлөөр нь төрөлжүүлэн хураан ангилах, хаяглах, барааны үлдэгдлийн болон зарцуулалтын  тайлан гаргах, бараа материалын бүрэн бүтэн байдал, аюулгүй байдлыг хариуцан ажиллана","Банк, санхүү, нягтлан бодох бүртгэл",1650000.0,2022-12-16,"88085022, 88088382",Сайн Интернэшнл 
Гадаад худалдааны менежер ," Гадаад зах зээл болон бараа материалын судалгаа хийх, импорт, экспорт захиалга хийх Гадаад бизнесийн байгууллагуудтай холбоо тогтоох, харилцах, гадаад худалдааг хөгжүүлэх Судалгаа шинжилгээ харьцуулалт хийх, түүнтэй холбоотой төсөв төлөвлөгөө боловсруулах, тайлагнах Гэрээ хэлцэл хийх Компанийн удирдлагаас өгсөн чиглэл, зөвлөмж болон АБТ-ын хүрээнд хийгдэх ажлууд","Худалдаа, Борлуулалт",2300000.0,2022-11-16,75003355,ПРО КРЕДИТТаны бизнесийн найдвартай хамтрагч
Бүртгэл тооцооны ажилтан," Өдөр тутмын тайлан, балансыг хугацаанд нь гаргах Борлуулалтын мэдээнд тулгалт хийх, программд шивж оруулах Бараа бүтээдэхүүний баримтын эмх цэгцтэй байдлыг хангах","Банк, санхүү, нягтлан бодох бүртгэл",1350000.0,2022-12-16,"88085022, 88088382",Сайн Интернэшнл 
"Ариутгал, халдваргүйжүүлэлт хариуцсан менежер"," Айл өрх, албан байгууллагад компанийн ажил, үйлчилгээний талаар танилцуулах, мэдээлэл хүргэх Гэрээт байгууллага болон  дуудлагын ажил, үйлчилгээний  захиалга авах, төлбөр тооцоо хийх Албан байгууллагуудтай байнгын хамтран ажиллах гэрээ, хэлэлцээр хийх Ариутгал, халдваргүйжүүлэлтийн захиалгын дагуу гүйцэтгэх ажил, үйлчилгээг зохион байгуулан ажиллах  Ариутгал, халдваргүйжүүлэлтийн борлуулалтыг нэмэгдүүлэн ажиллах шинэ санал, санаачлага гаргах Шинэ харилцагчийн тоог нэмэгдүүлэх Борлуулалтын төлөвлөгөө, тайлан мэдээ гаргах, танилцуулах",Үйлчилгээ,1650000.0,2022-12-16,"99093309, 80785656, 93305656",Баяндэмбэрэл 
Мерчиндайзер ,"- Компанийн бараа бүтээгдэхүүнийг өрөлтийг стандартын дагуу харилцагч, дэлгүүрүүдэд өрөх - Цаашид Худалдааны төлөөлөгчөөр дэвшин ажиллах боломжтой.","Худалдаа, Борлуулалт",1100000.0,2022-12-14,"77115511, 88045181, 88021253",Анунгоо 
АРГА ХЭМЖЭЭ ХАРИУЦСАН ЗОХИЦУУЛАГЧ-Эмэгтэй,Ажлын байрны тодорхойлолтонд заагдсан чиг үүргүүдийг хийж гүйцэтгэнэ.,"Аялал жуулчлал, зочид буудал",1350000.0,2022-12-16,"99012261, 99007214, 99007865",Тэрэлж Сүйх 
Тэнгэр Плаза Худалдааны төвд Касс,Ажлын байрны тодорхойлолтонд заасан ажлыг хийж гүйцэтгэнэ.,"Худалдаа, Борлуулалт",1350000.0,2022-12-12,"80009577, 75052660",Тэнгэр 
МАРКЕТИНГИЙН МЕНЕЖЕР,"Байгууллагын бүтээгдэхүүн үйлчилгээг зах зээлд таниулах, эзлэх хувь хэмжээг нэмэгдүүлэх замаар борлуулалтыг дэмжих","Эмнэлэг, Эм хангамж",2750000.0,2022-12-14,99017182,КАРЬЕР МАСТЕР 
Харилцагчийн менежер,"- Харилцагчийн албан хүсэлтийг хүлээн авч шийдвэрлэх - Байгууллагын бүтээгдэхүүн, үйлчилгээний талаар харилцагчдад мэдээлэл өгөх - Академийн франчайз салбаруудыг мэдээллээр хангаж, дэмжиж ажиллах - Захиалгын дагуу академиас эрхлэн гаргадаг ном, бүтээгдэхүүн бэлдэх","Худалдаа, Борлуулалт",1350000.0,2022-12-16,"7000-2266, 8002-2266","Монголын Оюун Ухааны АкадемиСэтгэхүйн хурдыг танд эзэмшүүлж, Оюуны хүрдийг дэлхийд таниулна."
"Хүний нөөц,ү","  Хүний нөөцийн судалгаа, шинжилгээ хийх, бүрдүүлэлт, сонгон шалгаруулалтыг хамтран хэрэгжүүлэх   Ажилтнуудын гүйцэтгэл, ур чадварын үнэлгээг тодорхой давтамжтай хийж сургалт, хөгжлийн хэрэгцээг тодорхойлох, ур чадвар, бүтээмжийг нэмэгдүүлэх   Идэвхжүүлэх аян, арга хэмжээ, тэмдэглэлт өдрүүдийг зохион байгуулах   Бизнесийн үйл ажиллагааг сайжруулах төсөл, хөтөлбөрүүд хэрэгжүүлэх   Оффис менежмент, худалдан авалтыг хариуцан хэрэгжүүлэх   Ажлын байранд заасан бусад ажил, үүргүүдийг хэрэгжүүлэх","Банк, санхүү, нягтлан бодох бүртгэл",1350000.0,2022-12-01,77200089,Ард Санхүүгийн Нэгдэл ХКХүчтэй. Хамтдаа
График дизайнер," Баг хамт олонтойгоо гар нийлэн ажиллах Маркетинг, борлуулалтанд нөлөөлөх чанартай контент бүтээх, түгээх Хэвлэмэл эх материалын загварыг гаргах бэлтгэх, хэвлүүлэх Контент агуулга гаргах, зохиол бичих, найруулах Контентийн тайлан бэлтгэх Контент түгээлтийн бүртгэл хийх","Дизайн, Энтертайнмент, Соёл урлаг",1950000.0,2022-12-15,"97125577, 75070808","""Чилагун Хөгжил"" "
UX," Програмын цэсний ангилал, дарааллыг боловсруулах Програмын хар зураглал боловсруулах Програмын хуудсуудын дизайныг боловсруулах. Програмын дизайнд хэрэглээний түвшинг тогтоох, анализ хийх Ижил төстэй програмуудыг судлаж, харьцуулж дүгнэх Програмын ерөнхий концепцд саналаа өгөх Программын техникийн шалгууруудыг тодорхойлсонд саналаа өгөх Дижитал шийдлийг хөгжүүлэх үйл ажиллагааны гүйцэтгэлд хяналт тавиж, саналаа өгөх Дижитал шийдэл хүлээлцэх, нутагшуулах дүгнэлтэд саналаа өгөх","Мэдээлэл технологи, Харилцаа холбоо",1650000.0,2022-11-28,70149761,"Гүнд инвестмент холдинг группЭрхэм зорилго: Хэрэглэгч, ажилтан, хувьцаа эзэмшигч үнэ цэнийг хамтран бүтээж, үр шимийг хүртэнэ"
Програм хөгжүүлэлтийн инженер ,"  Хөгжүүлсэн програмын алдаа доголдол bug-ыг илрүүлж, арилгах Програм хөгжүүлэх үйл ажиллагааны үр дүнг нэмэгдүүлэх санаачлага гаргах. Хэрэгцээ шаардлагад үндэслэн програмын техникийн шалгууруудыг тодорхойлох /ERD, Sequence, C4 Diagram/ Програмын код хөгжүүлэлт хийх. /Front end хөгжүүлэлтийн суурь мэдлэгтэй байх, Back-end хөгжүүлэлтийн туршлагатай байх/ Програмыг deploy хийхэд шаардлагатай ур чадварыг эзэмшсэн байх.","Мэдээлэл технологи, Харилцаа холбоо",1350000.0,2022-11-24,70149761,"Гүнд инвестмент холдинг группЭрхэм зорилго: Хэрэглэгч, ажилтан, хувьцаа эзэмшигч үнэ цэнийг хамтран бүтээж, үр шимийг хүртэнэ"
БРЭНД МЕНЕЖЕР," Хариуцсан бараа бүтээгдэхүүний маркетинг, идэвхижүүлэлтийн бодлого, хөтөлбөрийг боловсруулах, шинэ бараа бүтээгдэхүүнийг судалж нэвтрүүлэн тухайн бүтээгдэхүүнийг хөгжүүлэх, брэндийг зах зээлд нэр хүндтэй нэвтрүүлэх, хэлтсийн төлөвлөгөөний дагуу ажиллах Багийн хамтын ажиллагааг дэмжиж багаар ажиллах; Гадаадын харилцагч брэндийн дистрибьютер, компанитай байнгын харилцаатай байж соёлтой зөв зохистой, ажил хэрэгчээр асуудлыг шийдвэрлэх, даалгаварыг цаг тухайд нь биелүүлэх, байнга зөвлөгөө чиглүүлэг авч туршлага судлах, гэрээнд заасан ёсоор үйл ажиллагааг явуулж ажиллах;","Маркетинг, PR, Менежмент",1950000.0,2022-12-16,88033425,Тэсо Фүүдс 
Төсөвчин,Ажлын байрны тодорхойлолтын дагуу,"Барилга, Үл хөдлөх хөрөнгө",1650000.0,2022-12-16,"98019797, 94057274, 94057204",НБИК 
Хэрэглэгчийн хөгжлийн менежер ," TUSS D+ бүтээгдэхүүнийг хэрэглэгчид танилцуулга хийж, борлуулах Хэрэглэгч байгууллагад дижитал шийдлийг нэвтрүүлэх Байгууллагын үйл ажиллагаанд системийн шинжилгээ, оношилгоо хийх, танилцуулах","Мэдээлэл технологи, Харилцаа холбоо",1650000.0,2022-12-16,70149761,"Гүнд инвестмент холдинг группЭрхэм зорилго: Хэрэглэгч, ажилтан, хувьцаа эзэмшигч үнэ цэнийг хамтран бүтээж, үр шимийг хүртэнэ"
Жолооч,Хариуцсан техникийн  бүрэн бүтэн байдлыг хангаж ажиллах Ажлын  байрны тодорхойлтонд заагдсан  чиг үүргүүдийг гүйцэтгэх,"Ажилчид, туслах ажилтан",900000.0,2022-12-16,94000049,Наран Бьюти Уорлд 
Гадаад худалдааны менежер ," Гадаад зах зээл болон бараа материалын судалгаа хийх, импорт, экспорт захиалга хийх Гадаад бизнесийн байгууллагуудтай холбоо тогтоох, харилцах, гадаад худалдааг хөгжүүлэх Судалгаа шинжилгээ харьцуулалт хийх, түүнтэй холбоотой төсөв төлөвлөгөө боловсруулах, тайлагнах Гэрээ хэлцэл хийх Компанийн удирдлагаас өгсөн чиглэл, зөвлөмж болон АБТ-ын хүрээнд хийгдэх ажлууд","Худалдаа, Борлуулалт",2300000.0,2022-12-16,75003355,ПРО КРЕДИТТаны бизнесийн найдвартай хамтрагч
БРЭНД МЕНЕЖЕР," Хариуцсан бараа бүтээгдэхүүний маркетинг, идэвхижүүлэлтийн бодлого, хөтөлбөрийг боловсруулах, шинэ бараа бүтээгдэхүүнийг судалж нэвтрүүлэн тухайн бүтээгдэхүүнийг хөгжүүлэх, брэндийг зах зээлд нэр хүндтэй нэвтрүүлэх, хэлтсийн төлөвлөгөөний дагуу ажиллах Багийн хамтын ажиллагааг дэмжиж багаар ажиллах; Гадаадын харилцагч брэндийн дистрибьютер, компанитай байнгын харилцаатай байж соёлтой зөв зохистой, ажил хэрэгчээр асуудлыг шийдвэрлэх, даалгаварыг цаг тухайд нь биелүүлэх, байнга зөвлөгөө чиглүүлэг авч туршлага судлах, гэрээнд заасан ёсоор үйл ажиллагааг явуулж ажиллах;","Маркетинг, PR, Менежмент",1950000.0,2022-12-16,88193193,Тэсо Фүүдс 
Гагнуурчин,Барилгын шугам хоолой гагнах Аргон болон цахилгаан гагнуур хийх,"Барилга, Үл хөдлөх хөрөнгө",1950000.0,2022-12-16,"98019797, 94057274, 94057204",НБИК 
Худалдан авалтын мэргэжилтэн,"Байгууллагын үйл ажиллагаатай холбоотой бүхий худалдан авалт, хангамжийн ажлыг хариуцан ажиллана.","Худалдаа, Борлуулалт",1950000.0,2022-12-16,(+976) 7777-9070,Метагро 
ХАБЭА-н инженер,Ажлын байрны тодорхойлолтод заасан ажил үүрэг,"Үйлдвэрлэл, Дэд бүтэц",2750000.0,2022-12-16,316117,Цэцэнс Майнинг & Энержи 
Англи хэлний багш," 5-12 насны хүүхдэд FasTracKids олон улсын Англи хэлний хөтөлбөрийн дагуу хичээл заана. Эцэг, эх, асран хамгаалагчид сургалтын талаар мэдээлэл өгнө. Хичээлийн хэрэглэгдэхүүн бэлдэнэ. Сурагчдын дунд хөгжүүлэх ажил зохион байгуулна.","Боловсрол, Шинжлэх ухаан",1350000.0,2022-12-16,"7000-2266, 8002-2266","Монголын Оюун Ухааны АкадемиСэтгэхүйн хурдыг танд эзэмшүүлж, Оюуны хүрдийг дэлхийд таниулна."
Чанар хяналтын инженер,"Төслийн талбайд гүйцэтгэх нийт ажил, бараа материалд чанарын хяналт тавьж, чанарын доголдолгүй ажил хүлээлгэж өгөх;  Үйлдвэрлэлийн технологийн процессын чанарын хяналтыг холбогдох журмын дагуу явуулах, бүртгэл хөтлөх, баримтжуулах; Түүхий эд материал, бэлэн бүтээгдэхүүний чанар, хадгалалтын горимд хяналт тавих; Түүхий эд,материалыг чанарын болон бусад норматив баримт бичгийг үндэслэн хүлээн авах, шаардлагатай үед лабораторийн сорилт шинжилгээнд хамруулж, дүгнэлт гаргуулах; Үйлдвэрлэлийн шат дамжлагууд дээр тавигдах технологийн горимын мөрдөлтийг хариуцах,  аливаа үл тохирол илэрсэн нөхцөлд залруулах арга хэмжээ авах, шаардлагатай бол үйлдвэрлэлийг түр зогсоож хэвийн ажиллагааг хангуулах; Чанарын менежментийн тогтоолцод нөлөөлж болох бүх үе шатны ажлыг хяналттай байлгах явдлыг хариуцах; Чанарын гологдол гарч болох эрсдэлээс сэргийлэх асуудлыг хариуцах; Түүхий эд материалын ашиглалт, үйлдвэрлэлийн хаягдал, гологдлыг хянаж, тайлагнах; ХАБЭАБО-ны бодлого, удирдлагын тогтолцооны төлөвлөгөөг хэрэгжүүлэхэд туслах,   холбогдох дүрэм журмыг өдөр тутмын үйл ажиллагаандаа хэрэгжүүлэх;","Барилга, Үл хөдлөх хөрөнгө",1650000.0,2022-12-16,"98019797, 94057274, 94057204",НБИК 
Төлөвлөгч," Барилгын төсөл төлөвлөгөөг нарийвчлан хянаж шалгах; Барилгын ажлын 7 хоног тутмын төлөвлөлтийг гаргах, төлөвлөгөөний биелэлт, нийцлийн мэдээ бэлтгэх, хөтлөлт хийх, төслийн багийг мэдээллээр хангах; Эрсдлийн боломжит хамгийн бага түвшинд байлгах, бууруулах, эрсдлийн үнэлгээ боловсруулах;  Барилгын зураг төсөл, архивын хадгалалт, тэдгээрийн бүрэн бүтэн байдал, ашиглалтыг хариуцах;","Барилга, Үл хөдлөх хөрөнгө",1950000.0,2022-12-16,"98019797, 94057274, 94057204",НБИК 
Хангамжийн ахлах ажилтан," Төслийн талбайгаас ирсэн захиалгын дагуу материалын нийлүүлэлтэд анхаарч ажиллана; Захиалсан материалын  чанар хугацаа, гүйцэтгэлийг нарийн шалгаж хүлээн авч төслийн талбайд нийлүүлэх; Бараа бүтээгдэхүүний нөөцийн зохистой хэмжээг баримтлан захиалга татан авалт хийх, бараан бүтээгдэхүүний тасалдалгүй байдлыг хангаж ажиллах; Гадаад болон дотоод худалдан авалт хийж Санхүүгийн хэлтэс-д тайлагнах; Удирдлагаас өгсөн бусад үүрэг даалгаваруудыг хэрэгжүүлэх.","Барилга, Үл хөдлөх хөрөнгө",1350000.0,2022-12-16,"98019797, 94057274, 94057204",НБИК 
ХАБЭА МЭРГЭЖИЛТЭН," Байгууллагын үйл ажиллагаа ХАБЭА-н хууль тогтоомж болон бусад шаардлагын хэрэгжилтийг тогтоох Хөдөлмөрийн эрүүл мэнд, аюулгүй байдлын удирдлагын тогтолцооны бодлого хамрах хүрээг тодорхойлох Аюулыг илрүүлэх, мэдээллэх, эрсдэлийг үнэлэх, хяналтын арга хэмжээг авах Ажилчдын аюул эрсдэлийг илрүүлэхэд туслах идэвхижүүлэх зорилгоор зөвлөмж, гарын авлага, заавар өгөх Шинээр ажилд орсон ажилтанд уридчилсан зааварчилгаа өгөх, гадны зочид төлөөлөгчдөд зааварчилгаа өгөх, хөтөч томилох Байгууллагын хэмжээнд батлагдан гарсан MNS OHSAS 18001:2012 удирдлагын тогтолцооэы шаардлагын дагууу холбогдох баримт бичиг, ХАБЭА-тай холбоотой дүрэм журмын хөтлөлт, бүртгэлд журамд заагдсан хугацааны дагуу хяналт хийх  Аюултай тохиолдлыг судлах, суурь шалтгааныг тогтоох, залруулах арга хэмжээ авах","Үйлдвэрлэл, Дэд бүтэц",1350000.0,2022-12-05,8803-3781,Милко 
Орчуулагч  Translator,"     Make written (technical documents, maps, legends, etc.) and verbal translation (during meeting, as required by expatriate employees and consultants) from Mongolian to English languages and vice versa. Translate messages simultaneously or consecutively, maintaining message content, context, and style as much as possible.       Check translations of technical terms and terminology to ensure that they are accurate and remain consistent throughout translation revisions. Liaise with Supervisor, Contractor, originator, etc.  to discuss any unclear points. Provide with a grammatically correct, well-expressed final version of the translated text, usually as a word-processed document.       Refer to reference materials, such as dictionaries, lexicons, encyclopedias, and computerized terminology banks, as needed to ensure translation accuracy.       Identify and resolve conflicts related to the meanings of words, concepts, practices, or behaviors.       With the approval of Supervisor, perform translation work both written and verbal as required and requested by other departments and the Company organized events.       Follow ethical codes that protect the confidentiality of information.       Assist with data entry and other relevant tasks needed by the Department as needed and as when having no pending translation work.       Perform other duties as and when required and requested by the Supervisor","Захиргаа, Хүний нөөц",1350000.0,2022-12-16,"98019797, 94057274, 94057204","
At least 1-2 years of related working experience
Be able to work at mine site with roster of 2 weeks on and 2 week off.
"
Геодезийн инженер," Геодезийн багаж хэрэгслийн тусламжтайгаар тухайн цэгийн байрлал, өндөрийн боловсруулалт хийх; Хэмжилтийн тайлан акт хийх; Барилгын геодезийн хэмжилт боловсруулалтын ажил хийх; Ажлын байрны тодорхойлолтын дагуу үүрэг гүйцэтгэх.","Барилга, Үл хөдлөх хөрөнгө",1950000.0,2022-12-16,"98019797, 94057274, 94057204",НБИК 
Гэрээний админ," Гэрээний төсөл боловсруулах; Туслан гүйцэтгэгч, ханган нийлүүлэгчийн сонгон шалгаруулалтын баримт бичиг боловсруулах; Гэрээг архивлах, хавтаслах, цахим бүртгэл хөтлөх ; Төслийн бичиг баримт боловсруулалт хийх, бусад хэлтсүүдээс шаардлагатай мэдээллийг цуглуулах; Өдөр тутмын гэрээтэй холбоотой сайт дээрх болон оффис дахь бүх асуудалд хариулт өгөх, шийдэх, шаардлагатай мэдээллийг гаргаж өгөх, мөн шаардлагатай бүртгэл хөтлөлт хийх; Дотоод бодлого журмуудын талаар сургалт, судалгаа хийх; Хэлтсийн тайлан гаргах.","Хууль, хуулийн үйлчилгээ",1650000.0,2022-12-16,"98019797, 94057274, 94057204",НБИК 
Хүний нөөцийн ажилтан ," Хөдөлмөрийн харилцаатай холбоотой бүхий л үйл ажиллагаанд оролцох, хэрэгжүүлэх; Ажилтнуудын ээлжийн амралт болон бусад амралт чөлөө олголттой холбоотой асуудлыг зохицуулах; Ажлын байрны тодорхойлолтууд болон хүний нөөцийн хэлтсийн үйл ажиллагаанд шаардлагатай баримт бичгийг төлөвлөх, өөрчлөлтийг хийх; Компанийн сургалт, хөгжлийн үйл ажиллагаанд оролцох, шаардлагатай сургалтуудыг зохион байгуулах, ажилтнуудыг идэвхижүүлэх; Сар, 7 хоног бүрийн тайлан мэдээ гаргах.","Захиргаа, Хүний нөөц",1350000.0,2022-12-16,"98019797, 94057274, 94057204",НБИК 
Борлуулалтын менежер,"Хадат вилла төслийн борлуулалтын төлөвлөгөөг ханган, Хауз борлуулалт хийх","Барилга, Үл хөдлөх хөрөнгө",1100000.0,2022-12-13,"77133355, 99908979, 85051205",Цоба 
КРАНЫ ОПЕРАТОР , Ажлын байрны тодорхойлолтын дагуу;,"Барилга, Үл хөдлөх хөрөнгө",1950000.0,2022-12-16,"98019797, 94057274, 94057204",НБИК 
БОРЛУУЛАЛТЫН МЕНЕЖЕР,"Хадат вилла төслийн борлуулалтын төлөвлөгөөг ханган, Хауз борлуулалт хийх","Худалдаа, Борлуулалт",1100000.0,2022-12-09,"77133355, 99908979, 85051205",Цоба 
Гадаад брокер," Гадаадын зах зээлийн үнэт цаасны захиалга авах Гадаад арилжааны данс нээх, хаах, борлуулалт хийх Гадаад арилжааны бүртгэл хөтлөх Гадаад хувьцааны шилжүүлгэ хийх  Ажил үүргийн хүрээнд хийгдэх доорх бүх ажлуудад PDCA /төлөвлөлт-хэрэгжүүлэлт-хяналт-үйл ажиллагааны сайжруулалт/ зарчмыг баримтлан ажиллана","Банк, санхүү, нягтлан бодох бүртгэл",1950000.0,2022-12-16,88053190,Таван Богд Капитал ҮЦК 
"Захиргаа, хүний нөөцийн менежер"," Хүний нөөцийн үндсэн чиг үүргүүдийг ажлын байранд хэрэгжүүлэх Хүний нөөцийн шилжилт хөдөлгөөн шинжилгээ хийх, дүгнэх Ажлын гүйцэтгэлийн үнэлгээг хийх Архив, стандартын дагуу баримт бичиг боловсруулах Хүний нөөцийн бүрдүүлэлт хийх","Захиргаа, Хүний нөөц",1350000.0,2022-12-16,"91455333, 7611-5333",Чиглэл 
Ковш Оператор,Дугуйт ачигчийн оператор/ ковш оператор/ ажлын байрны тодорхойлолтын дагуу,"Барилга, Үл хөдлөх хөрөнгө",1950000.0,2022-12-16,"98019797, 94057274, 94057204",НБИК 
PROJECT MANAGER ,"Organizes the construction of buildings according to approved design, requirements of norms, rules, standards and technical requirements. Supports the activities of the construction project without delay, to make necessary decisions, to resolve issues urgently to the client and to the management on time, and to make decisions in line with the staff and other corporate departments.  Manages and organizes process in construction the according to approved plan and design for engineering controls; Coordinates and directs all purchases, procurement of materials, equipment, financial cost, and construction functions to ensure the successful completion of the project under scheduled plan; Effectively organize to manage construction progress, works of services, operation in the project field; Executes monitoring of construction progress; Meetings with Management team to update and inform as to the progress of the project, report, current status of construction project; Assists in the implementation of OHS policies and management system plans, and to implement relevant regulations in daily operations;","Барилга, Үл хөдлөх хөрөнгө",2750000.0,2022-12-16,"98019797, 94057274, 94057204",НБИК 
Экскаваторын оператор,Ажлын байрны тодорхойлолтын дагуу,Уул уурхай,1950000.0,2022-12-16,"98019797, 94057274, 94057204",НБИК 
Агрегат засварчин ажилд авна.," Үйлчлүүлэгчид зөвлөгөө мэдээлэл өгч, оношилгоо засвар үйлчилгээг технологийн дагуу зөв, баталгаатай хийх Ажлын хуваарьлалтыг хийж үйлчлүүлэгчийн асуудлыг шийдэх Борлуулалтын болон ажлын хөлсний төлөвлөгөөг биелүүлэх",Автомашины засвар үйлчилгээ,2300000.0,2022-11-29,"75770909, 88078906","Делюкс авто оношилгоо, засварын төв"
Шат угсрагч,"     Ажлыг гүйцэтгэхдээ, холбогдох дүрэм журам, зааврын дагуу шатыг угсрах Мэргэжлийн ажилтнаар баталгаажуулалтын пайзыг өлгөх, огноог бичүүлэх Хаалт хашилт гэх мэт тэмдэг тэмдэглэгээний анхааруулгыг байршуулах, бусад ажилтнуудаас тус тэмдэг тэмдэглэгээг байршуулах тал дээр анхааруулах, зүүж байгаа эсэхийг хянах Шатыг угсрахын өмнө болон угсрах явцад хийгдэж буй ажлууд стандарт, нормын дагуу явагдаж байгаа эсэхийг хянах, нормын дагуу байлгах тал дээр анхаарах Ажил гүйцэтгэсний дараагаар шаардагдах стандартын дагуу байгаа эсэхийг хянах, давтан шалгах","Барилга, Үл хөдлөх хөрөнгө",1350000.0,2022-12-16,"98019797, 94057274, 94057204","
Тусгай шаардлага
"
"Оосорлогч, дохиочин"," Өргөлтийн ажлын бүх зүйлийг Ахлах ажилтан болон краны багтай хамтран төлөвлөж, зохицуулах, өргөх ачааны жинг тодорхойлох, оператортай харилцан холбогдох зөв арга замыг сонгох, ачааг зөв оосорлосон эсэхийг анхаарах, краны өргөлтийн зайд ямар нэг саад байхгүй эсэхийг баталгаажуулах, операторт дохио өгөх, өөр дохиочин томилох эсвэл дохиочин дохио өгөх, болон үйл ажиллагааг аюулгүй явуулахад анхаарна; Барилгын шат угсрах болон буулгах; Хураах төлөвлөгөөтэй танилцах, ажил эхлэхийн өмнөх ажлын төлөвлөгөөний хурал болон аюулгүй ажиллагааны хуралд оролцох; Оосорлох төхөөрөмжийн үзлэг байнга хийх; Тээвэрлэлтийн үйл ажиллагаа явуулах бусад хэсгүүдийн талбайд анхаарах зүйл байгаа эсэх, аюулгүй ажиллагаа, тоног төхөөрөмжийн ашиглалт, нөхцөлтэй холбоотой, болзошгүй эрсдэл зэргийг таниж мэдэх; Оосорлогчийн хөтөлбөрийн хүрээнд суралцагсдад ажлын талбай дээр сургалт явуулах; Хэлтсийн хэмжээнд аюулгүй ажиллагааны хөтөлбөрт хэрэгжүүлэх, зохицуулахад туслах; Шаардлагатай бусад өгөгдсөн үүрэг даалгаврыг биелүүлэх","Барилга, Үл хөдлөх хөрөнгө",1100000.0,2022-12-16,"98019797, 94057274, 94057204",НБИК 
Агуулахын нярав,"Төслийн үйл явцад хэрэглэгдэх эд хөрөнгө, тоног төхөөрөмж, хөдөлмөр хамгаалах хэрэгсэл, тоног төхөөрөмжийг хүлээн авч, орсон гарсан мэдээллийг зохих ёсоор бүртгэж, шаардлагатай зүйлсийг олгох зэрэг үйл ажиллагааг аюулгүй ажлын  дүрэм журмыг баримтлан гүйцэтгэх","Үйлдвэрлэл, Дэд бүтэц",1650000.0,2022-12-16,"98019797, 94057274, 94057204","
Personal skills 
Хувийн харилцааны, хамтран 
ажиллах ур чадвар
"
